episode,collision,success,termination_reason,steps,episode_return,actual_path_length,optimal_distance,path_efficiency_ratio
1,1,0,boundary_collision,,,266.99999999999994,588.952459881101,
2,1,0,boundary_collision,,,756.0000000000006,585.6551886562604,
3,1,0,obstacle_collision,,,390.00000000000006,670.1261075349922,
4,1,0,boundary_collision,,,56.999999999999986,662.1699177703559,
5,1,0,obstacle_collision,,,68.99999999999999,655.4670090858883,
6,1,0,obstacle_collision,,,96.00000000000001,590.8925452229026,
7,1,0,boundary_collision,,,90.0,527.114788257738,
8,1,0,boundary_collision,,,98.99999999999996,604.400529450463,
9,1,0,boundary_collision,,,204.00000000000014,745.4133081720503,
10,1,0,boundary_collision,,,44.9999999999999,677.6850300840355,
11,1,0,boundary_collision,,,146.99999999999994,596.8534158401039,
12,1,0,boundary_collision,,,704.9999999999999,575.99392357906,
13,1,0,obstacle_collision,,,417.0000000000002,684.0540914284484,
14,1,0,boundary_collision,,,309.00000000000006,707.0905175435462,
15,1,0,boundary_collision,,,152.99999999999997,522.1685551620282,
16,1,0,boundary_collision,,,183.00000000000003,626.7671018807545,
17,1,0,boundary_collision,,,126.0,561.4338785645199,
18,1,0,obstacle_collision,,,389.99999999999983,620.317660557879,
19,1,0,boundary_collision,,,177.00000000000009,628.4655917391182,
20,1,0,boundary_collision,,,53.999999999999524,714.5830952380555,
21,1,0,boundary_collision,,,83.99999999999991,671.3516217303717,
22,1,0,boundary_collision,,,252.00000000000014,702.6478492103993,
23,1,0,boundary_collision,,,72.0000000000001,604.0281450396166,
24,1,0,obstacle_collision,,,270.0,622.0032154257725,
25,1,0,boundary_collision,,,116.99999999999999,567.2080746956975,
26,1,0,boundary_collision,,,180.0,537.9758358885648,
27,1,0,boundary_collision,,,68.99999999999999,673.2495822501489,
28,1,0,boundary_collision,,,285.0000000000001,580.3447251418763,
29,1,0,boundary_collision,,,855.0,606.2482989666858,
30,1,0,boundary_collision,,,464.9999999999995,560.8966036623863,
31,1,0,boundary_collision,,,597.0000000000006,800.0624975587845,
32,1,0,boundary_collision,,,363.0000000000001,599.7149322803293,
33,1,0,boundary_collision,,,129.00000000000003,567.2080746956975,
34,1,0,boundary_collision,,,146.9999999999999,565.2786923279525,
35,1,0,boundary_collision,,,69.0,686.8609757440001,
36,0,1,success,,,807.0000000000005,806.1569326129994,1.0010457856936967
37,1,0,boundary_collision,,,110.99999999999994,606.6440471973659,
38,1,0,boundary_collision,,,68.99999999999999,784.5285208327356,
39,1,0,boundary_collision,,,294.0,634.9716529105847,
40,1,0,obstacle_collision,,,192.00000000000006,678.75326886874,
41,1,0,boundary_collision,,,134.99999999999991,631.7412444980936,
42,1,0,boundary_collision,,,129.00000000000003,667.782150105856,
43,1,0,boundary_collision,,,411.0000000000002,629.7912352518094,
44,1,0,boundary_collision,,,80.99999999999997,624.8103712327445,
45,1,0,boundary_collision,,,219.00000000000026,554.0577587219585,
46,1,0,obstacle_collision,,,69.00000000000003,654.4142418988145,
47,1,0,boundary_collision,,,104.99999999999996,633.8083306489431,
48,1,0,boundary_collision,,,105.0000000000002,596.657355607052,
49,1,0,boundary_collision,,,299.9999999999996,539.4163512538344,
50,1,0,boundary_collision,,,167.9999999999998,576.086799015565,
51,1,0,boundary_collision,,,68.99999999999996,592.8617039411469,
52,1,0,boundary_collision,,,177.00000000000009,623.045744709006,
53,1,0,boundary_collision,,,338.99999999999955,627.7141068989927,
54,1,0,boundary_collision,,,72.00000000000007,651.960888397456,
55,1,0,boundary_collision,,,171.00000000000034,614.3565739861501,
56,1,0,boundary_collision,,,293.99999999999983,609.2946741930377,
57,1,0,boundary_collision,,,56.99999999999996,712.8990110808122,
58,1,0,boundary_collision,,,404.9999999999999,691.9378584815258,
59,1,0,boundary_collision,,,557.9999999999998,699.412610695575,
60,1,0,boundary_collision,,,137.99999999999997,565.2079263421559,
61,1,0,boundary_collision,,,273.0,662.4990566031018,
62,1,0,boundary_collision,,,287.9999999999999,628.7527335924672,
63,1,0,boundary_collision,,,227.99999999999946,579.1692326082248,
64,1,0,boundary_collision,,,267.00000000000045,678.4283307763613,
65,1,0,boundary_collision,,,249.00000000000006,541.2328519223496,
66,1,0,boundary_collision,,,287.99999999999994,573.4544445725397,
67,1,0,boundary_collision,,,344.99999999999983,691.0520964442551,
68,1,0,boundary_collision,,,693.0000000000002,609.4932321199309,
69,1,0,boundary_collision,,,156.0000000000001,662.9668166658117,
70,1,0,boundary_collision,,,165.0,721.254462724495,
71,1,0,boundary_collision,,,176.99999999999994,600.4706487414685,
72,1,0,boundary_collision,,,131.9999999999999,629.6792834451519,
73,1,0,boundary_collision,,,314.9999999999998,652.2277209686813,
74,1,0,boundary_collision,,,182.99999999999983,568.1980288596574,
75,1,0,boundary_collision,,,558.0000000000008,663.1477964978848,
76,1,0,boundary_collision,,,809.9999999999998,713.0168300958961,
77,1,0,boundary_collision,,,84.00000000000001,558.3233829959122,
78,1,0,boundary_collision,,,141.0,525.7803723989704,
79,1,0,boundary_collision,,,465.0000000000003,645.108518002979,
80,1,0,obstacle_collision,,,650.9999999999999,706.2379202506759,
81,1,0,boundary_collision,,,555.0000000000001,657.2343569838691,
82,1,0,boundary_collision,,,54.0,703.3128748999268,
83,1,0,boundary_collision,,,146.99999999999974,576.9930675493424,
84,1,0,boundary_collision,,,242.9999999999997,574.6250951707557,
85,1,0,obstacle_collision,,,396.0000000000001,619.9556435746028,
86,1,0,boundary_collision,,,66.00000000000003,739.9297263929866,
87,1,0,obstacle_collision,,,540.0000000000002,646.523008097933,
88,1,0,boundary_collision,,,54.0,727.4235355004676,
89,1,0,boundary_collision,,,381.0000000000014,606.6712454039667,
90,1,0,boundary_collision,,,101.99999999999987,621.4217569412903,
91,1,0,boundary_collision,,,692.9999999999993,568.2649030161901,
92,1,0,obstacle_collision,,,102.00000000000004,580.6108851890395,
93,1,0,boundary_collision,,,506.99999999999994,515.5288546725585,
94,1,0,obstacle_collision,,,225.00000000000017,594.7570932742207,
95,1,0,obstacle_collision,,,126.00000000000003,611.117828245912,
96,1,0,boundary_collision,,,96.00000000000001,675.3258472767054,
97,1,0,boundary_collision,,,201.0,594.3483826847685,
98,1,0,boundary_collision,,,129.00000000000014,617.8357386878813,
99,1,0,boundary_collision,,,63.000000000000014,765.8002350482794,
100,1,0,boundary_collision,,,813.0,610.276166993272,
101,1,0,boundary_collision,,,600.0000000000005,734.0980860893181,
102,1,0,boundary_collision,,,92.9999999999999,724.6964881935057,
103,1,0,boundary_collision,,,137.99999999999997,570.3349892826145,
104,1,0,boundary_collision,,,177.00000000000026,643.1150752392607,
105,1,0,boundary_collision,,,120.00000000000014,565.795899596312,
106,1,0,boundary_collision,,,134.99999999999994,548.0447062056161,
107,1,0,boundary_collision,,,146.99999999999994,562.8543328428768,
108,1,0,boundary_collision,,,470.99999999999994,693.6656254997793,
109,1,0,boundary_collision,,,72.00000000000001,655.738514958516,
110,1,0,obstacle_collision,,,614.9999999999998,588.1742938959505,
111,1,0,boundary_collision,,,42.0,697.8345076019099,
112,1,0,boundary_collision,,,872.9999999999997,651.7860078277225,
113,1,0,boundary_collision,,,689.9999999999995,617.6811475186854,
114,1,0,boundary_collision,,,285.0000000000001,602.1403490881507,
115,1,0,boundary_collision,,,780.0,537.9302928818937,
116,1,0,boundary_collision,,,723.0000000000011,623.3081100066001,
117,1,0,boundary_collision,,,636.0000000000002,576.4173834991446,
118,1,0,boundary_collision,,,597.0,519.5623158005207,
119,1,0,boundary_collision,,,74.99999999999997,641.2651557663179,
120,1,0,boundary_collision,,,480.0000000000004,671.8868952435372,
121,0,1,success,,,597.0000000000005,582.1451708981189,1.0255173964235826
122,1,0,boundary_collision,,,50.99999999999996,701.1854248342588,
123,1,0,obstacle_collision,,,678.0000000000002,643.05054233707,
124,1,0,boundary_collision,,,159.00000000000006,620.6722162301129,
125,1,0,boundary_collision,,,705.0000000000008,587.6674229528127,
126,1,0,boundary_collision,,,848.9999999999995,595.7021067614248,
127,1,0,boundary_collision,,,774.0000000000008,681.0469880999401,
128,1,0,boundary_collision,,,429.0000000000001,576.7668506424411,
129,1,0,obstacle_collision,,,758.9999999999997,680.1882092479992,
130,1,0,boundary_collision,,,666.0,623.852546680704,
131,1,0,boundary_collision,,,317.99999999999994,597.7240165829043,
132,1,0,boundary_collision,,,146.99999999999997,605.3643530965463,
133,1,0,boundary_collision,,,39.000000000000036,649.1486732636831,
134,1,0,obstacle_collision,,,551.9999999999999,707.1873867653467,
135,1,0,boundary_collision,,,387.0000000000004,609.8934333143783,
136,1,0,boundary_collision,,,939.0000000000002,784.8018858285192,
137,1,0,boundary_collision,,,140.9999999999997,719.617954195141,
138,1,0,obstacle_collision,,,314.99999999999983,671.2570297583483,
139,1,0,boundary_collision,,,80.9999999999999,581.0550748423078,
140,1,0,boundary_collision,,,819.0000000000001,680.1014630185705,
141,1,0,boundary_collision,,,774.0000000000001,605.1884004175889,
142,1,0,boundary_collision,,,753.0000000000011,549.4588246629587,
143,1,0,boundary_collision,,,785.9999999999994,612.86540120976,
144,1,0,boundary_collision,,,375.00000000000006,675.9186341565085,
145,1,0,boundary_collision,,,99.00000000000001,693.7384233268328,
146,1,0,boundary_collision,,,674.9999999999997,596.4193155825858,
147,1,0,boundary_collision,,,128.9999999999996,701.9643865610277,
148,1,0,boundary_collision,,,144.00000000000003,644.9263523845184,
149,1,0,obstacle_collision,,,270.00000000000006,625.5405662305203,
150,1,0,boundary_collision,,,755.9999999999994,580.6151909828058,
151,1,0,boundary_collision,,,839.9999999999999,745.5803108988326,
152,1,0,boundary_collision,,,701.9999999999998,541.1635612271026,
153,1,0,boundary_collision,,,138.00000000000026,673.6683160131549,
154,0,1,success,,,554.9999999999999,544.3280261019086,1.0196057770064062
155,1,0,boundary_collision,,,168.00000000000003,641.0319804814733,
156,0,1,success,,,654.0000000000002,608.7766421274719,1.074285632435712
157,1,0,obstacle_collision,,,755.9999999999995,688.6167293930638,
158,1,0,boundary_collision,,,59.99999999999998,610.1581762133488,
159,1,0,boundary_collision,,,146.99999999999997,637.0690700387204,
160,1,0,boundary_collision,,,54.000000000000014,665.0451112518608,
161,1,0,boundary_collision,,,459.0,710.6229661360517,
162,1,0,boundary_collision,,,86.99999999999997,604.1622298687663,
163,0,1,success,,,569.9999999999997,588.7070578819316,0.9682234863138268
164,0,1,success,,,705.0,678.0029498460902,1.0398184848016343
165,1,0,boundary_collision,,,126.00000000000028,656.9383532722077,
166,1,0,boundary_collision,,,75.00000000000011,665.1225450997733,
167,1,0,boundary_collision,,,456.0000000000001,623.2888575933313,
168,1,0,boundary_collision,,,389.9999999999991,588.1836447913186,
169,1,0,boundary_collision,,,126.00000000000004,688.364002545165,
170,1,0,obstacle_collision,,,369.0000000000004,616.283214115069,
171,1,0,obstacle_collision,,,93.00000000000006,597.5859770777759,
172,1,0,boundary_collision,,,798.0,776.4000257599172,
173,1,0,boundary_collision,,,680.9999999999995,551.8876697299913,
174,1,0,boundary_collision,,,825.0000000000001,629.1144569949097,
175,0,1,success,,,827.9999999999999,617.6244813800696,1.3406204335518734
176,1,0,boundary_collision,,,155.99999999999994,669.4789018333588,
177,0,1,success,,,645.0000000000001,588.5881412328998,1.0958426696279266
178,0,1,success,,,575.9999999999992,577.3768266912,0.9976153759078087
179,1,0,boundary_collision,,,863.9999999999998,645.6972975009265,
180,1,0,boundary_collision,,,117.00000000000014,626.1006308893163,
181,1,0,boundary_collision,,,141.00000000000006,694.8740893140282,
182,1,0,boundary_collision,,,756.0000000000008,654.6602172119518,
183,0,1,success,,,698.9999999999998,666.6940827696013,1.0484568830972554
184,1,0,boundary_collision,,,65.99999999999999,673.9028119840427,
185,1,0,boundary_collision,,,831.0000000000005,667.026985960838,
186,1,0,boundary_collision,,,248.99999999999991,541.2254613375095,
187,1,0,boundary_collision,,,81.00000000000001,655.4540411043325,
188,1,0,boundary_collision,,,885.0000000000001,545.2201390264303,
189,1,0,boundary_collision,,,57.00000000000017,648.0563247125978,
190,1,0,boundary_collision,,,195.00000000000009,685.9190914386331,
191,1,0,boundary_collision,,,179.99999999999997,688.0959235455475,
192,1,0,boundary_collision,,,225.00000000000003,655.6294685262401,
193,1,0,boundary_collision,,,822.0000000000003,654.1567090537252,
194,1,0,boundary_collision,,,581.9999999999998,630.5783060017209,
195,1,0,boundary_collision,,,315.0000000000008,609.1469445051825,
196,1,0,boundary_collision,,,393.00000000000006,569.5489443410461,
197,1,0,obstacle_collision,,,294.0000000000002,584.8657965721709,
198,1,0,boundary_collision,,,185.99999999999991,525.6805113374472,
199,0,1,success,,,666.0000000000003,673.0601756158211,0.9895103352246907
200,1,0,boundary_collision,,,956.9999999999999,630.0031745951761,
201,1,0,boundary_collision,,,69.00000000000006,685.7229761354071,
202,1,0,boundary_collision,,,44.999999999999986,634.5589019153383,
203,0,1,success,,,963.0000000000002,767.2190039356428,1.2551826728222966
204,1,0,boundary_collision,,,77.99999999999996,672.3131710743141,
205,1,0,boundary_collision,,,741.0000000000006,617.7394272668695,
206,1,0,boundary_collision,,,111.0,670.8777832064496,
207,1,0,boundary_collision,,,90.00000000000007,571.3711578300046,
208,1,0,obstacle_collision,,,80.99999999999976,610.5939731114286,
209,1,0,boundary_collision,,,200.99999999999994,564.1320767338088,
210,0,1,success,,,572.9999999999992,572.4657194976832,1.0009332969366007
211,1,0,boundary_collision,,,93.00000000000013,673.4753150635886,
212,1,0,boundary_collision,,,216.00000000000009,559.9089211648624,
213,1,0,boundary_collision,,,134.99999999999986,589.7194248114946,
214,1,0,boundary_collision,,,795.0000000000001,737.6842142814227,
215,1,0,boundary_collision,,,86.99999999999963,592.095431497322,
216,1,0,boundary_collision,,,386.99999999999943,630.353075664742,
217,1,0,boundary_collision,,,183.00000000000006,569.9517523440032,
218,1,0,boundary_collision,,,318.00000000000006,565.3715592422385,
219,1,0,obstacle_collision,,,240.00000000000009,692.8816637781664,
220,0,1,success,,,623.9999999999993,608.2663890106045,1.025866316590313
221,1,0,obstacle_collision,,,242.99999999999983,618.186056135206,
222,1,0,boundary_collision,,,726.0000000000005,633.5755677107506,
223,1,0,boundary_collision,,,104.99999999999994,647.5777945544457,
224,1,0,boundary_collision,,,74.99999999999993,595.1419998622177,
225,1,0,boundary_collision,,,179.9999999999998,691.158447825099,
226,1,0,boundary_collision,,,159.00000000000028,634.9629910475098,
227,1,0,boundary_collision,,,69.00000000000001,654.1719957320093,
228,1,0,boundary_collision,,,777.0000000000001,600.1508143791858,
229,0,1,success,,,582.0000000000002,587.6742294843292,0.9903446004611978
230,1,0,boundary_collision,,,912.0,689.4903915211581,
231,1,0,boundary_collision,,,1041.0000000000002,620.519943273381,
232,1,0,boundary_collision,,,111.00000000000047,659.0212439671425,
233,1,0,boundary_collision,,,198.0,622.0072346846136,
234,1,0,boundary_collision,,,120.00000000000055,621.7274322402061,
235,1,0,boundary_collision,,,93.00000000000003,653.0941739136861,
236,0,1,success,,,717.0000000000003,672.1882176890637,1.0666655277966586
237,1,0,boundary_collision,,,107.99999999999996,597.1239402335164,
238,1,0,boundary_collision,,,833.9999999999999,627.0510346056371,
239,1,0,boundary_collision,,,123.00000000000003,656.3687987709349,
240,1,0,boundary_collision,,,288.0000000000002,642.673322925419,
241,1,0,obstacle_collision,,,99.00000000000026,567.5156385510447,
242,1,0,boundary_collision,,,227.99999999999994,560.0437482911491,
243,1,0,boundary_collision,,,503.9999999999998,610.7372593840988,
244,1,0,boundary_collision,,,180.0000000000003,585.1444266161988,
245,1,0,boundary_collision,,,137.99999999999997,619.6910520573941,
246,1,0,boundary_collision,,,105.00000000000003,561.1639689074843,
247,1,0,boundary_collision,,,386.9999999999996,675.5205400282067,
248,1,0,boundary_collision,,,821.9999999999995,605.6508895395102,
249,1,0,obstacle_collision,,,68.99999999999997,590.2855241321779,
250,1,0,boundary_collision,,,336.00000000000017,523.6191363959114,
251,1,0,boundary_collision,,,378.0000000000001,607.7433668909929,
252,1,0,boundary_collision,,,357.0000000000001,583.922083843384,
253,1,0,boundary_collision,,,758.9999999999995,622.643557743915,
254,0,1,success,,,602.9999999999994,618.2273044762743,0.9753694080380766
255,1,0,boundary_collision,,,120.00000000000001,591.3383126434478,
256,1,0,obstacle_collision,,,167.99999999999994,643.4112215372063,
257,1,0,boundary_collision,,,330.0000000000002,804.0460185835136,
258,1,0,boundary_collision,,,146.9999999999999,574.4153549479679,
259,1,0,obstacle_collision,,,248.99999999999972,692.5720179158266,
260,1,0,boundary_collision,,,53.999999999999986,609.2618484691127,
261,1,0,obstacle_collision,,,107.99999999999997,721.254462724495,
262,1,0,obstacle_collision,,,195.00000000000017,623.0008025677014,
263,1,0,boundary_collision,,,126.0,603.0033167404637,
264,1,0,boundary_collision,,,69.00000000000001,599.2161546553965,
265,1,0,obstacle_collision,,,78.00000000000013,581.0697032198461,
266,1,0,boundary_collision,,,168.00000000000003,647.0185468748172,
267,1,0,boundary_collision,,,80.99999999999993,590.2143678359583,
268,1,0,boundary_collision,,,839.9999999999997,656.847775363516,
269,1,0,boundary_collision,,,566.9999999999997,679.2385442537842,
270,1,0,obstacle_collision,,,701.9999999999994,705.311987704732,
271,1,0,boundary_collision,,,72.0,630.4323912998126,
272,1,0,boundary_collision,,,651.0,608.8579473079086,
273,1,0,boundary_collision,,,86.9999999999999,614.121323518407,
274,1,0,boundary_collision,,,122.99999999999999,567.2080746956975,
275,1,0,boundary_collision,,,134.99999999999991,624.8103712327445,
276,1,0,obstacle_collision,,,495.00000000000034,797.8076209212344,
277,1,0,boundary_collision,,,90.00000000000009,642.5262640546299,
278,1,0,boundary_collision,,,180.0,656.318520232364,
279,1,0,boundary_collision,,,81.00000000000017,595.3360395608518,
280,1,0,boundary_collision,,,758.9999999999998,609.7343683933193,
281,1,0,boundary_collision,,,296.99999999999994,595.6148084122825,
282,1,0,boundary_collision,,,63.000000000000085,618.3607361403213,
283,1,0,boundary_collision,,,182.9999999999999,569.6683245538583,
284,1,0,obstacle_collision,,,221.99999999999991,558.6779036260518,
285,1,0,boundary_collision,,,870.0000000000002,714.8370443674559,
286,1,0,boundary_collision,,,54.00000000000001,633.192703685063,
287,0,1,success,,,717.0000000000003,723.6000276395794,0.9908789007912165
288,1,0,boundary_collision,,,105.00000000000006,604.8842864548558,
289,1,0,obstacle_collision,,,551.999999999999,689.940577151395,
290,1,0,boundary_collision,,,431.9999999999999,598.1103577100132,
291,1,0,obstacle_collision,,,290.99999999999983,665.0330818839014,
292,1,0,boundary_collision,,,977.9999999999997,596.4436268416321,
293,1,0,boundary_collision,,,84.00000000000031,696.8536431705011,
294,1,0,boundary_collision,,,105.00000000000001,592.8659207611785,
295,1,0,boundary_collision,,,914.9999999999999,706.9087635614655,
296,1,0,obstacle_collision,,,174.00000000000026,580.2206476849992,
297,1,0,boundary_collision,,,218.99999999999994,537.3425350742299,
298,1,0,boundary_collision,,,120.00000000000003,592.9426616461325,
299,1,0,obstacle_collision,,,141.00000000000009,601.3667766014348,
300,1,0,boundary_collision,,,48.00000000000001,733.8726047482628,
301,1,0,boundary_collision,,,135.0,572.5451947226525,
302,1,0,boundary_collision,,,168.00000000000003,661.8708333202181,
303,1,0,boundary_collision,,,216.0,594.024410272844,
304,1,0,boundary_collision,,,929.9999999999999,602.7569991298318,
305,1,0,obstacle_collision,,,180.00000000000006,659.5907822278901,
306,1,0,boundary_collision,,,152.99999999999997,687.8408246098802,
307,1,0,boundary_collision,,,197.99999999999991,558.4335233490195,
308,1,0,obstacle_collision,,,461.9999999999997,585.9692824713596,
309,1,0,boundary_collision,,,86.99999999999984,649.1232548599688,
310,1,0,boundary_collision,,,86.99999999999986,625.8793813507519,
311,1,0,boundary_collision,,,147.0,657.0121764472863,
312,1,0,boundary_collision,,,98.99999999999956,586.7418512429465,
313,1,0,obstacle_collision,,,258.0000000000001,660.3347635858648,
314,1,0,obstacle_collision,,,1025.9999999999995,664.506583865051,
315,0,1,success,,,576.0000000000006,589.207094322531,0.9775849706329216
316,1,0,boundary_collision,,,146.99999999999997,597.3005943409064,
317,1,0,boundary_collision,,,648.0000000000002,600.0074999531256,
318,1,0,boundary_collision,,,107.99999999999996,590.4743855579173,
319,1,0,boundary_collision,,,81.00000000000003,740.9574886590998,
320,1,0,boundary_collision,,,78.0,668.6232122802797,
321,1,0,boundary_collision,,,294.00000000000017,630.353868870494,
322,1,0,obstacle_collision,,,215.9999999999999,694.0180112936551,
323,1,0,boundary_collision,,,84.0,699.1430468795352,
324,1,0,boundary_collision,,,146.99999999999994,668.9850521498967,
325,1,0,boundary_collision,,,90.00000000000003,686.9293995746579,
326,1,0,boundary_collision,,,237.00000000000009,634.2625639275899,
327,0,1,success,,,693.0000000000008,645.501355536919,1.073584112652363
328,0,1,success,,,590.9999999999997,576.9930675493424,1.0242757378527072
329,1,0,boundary_collision,,,125.9999999999997,602.2175686577069,
330,1,0,boundary_collision,,,792.0000000000007,550.6250993189468,
331,1,0,boundary_collision,,,714.0000000000001,607.4150146316767,
332,1,0,boundary_collision,,,180.0000000000001,644.2243398071823,
333,1,0,boundary_collision,,,212.99999999999991,623.464513825767,
334,1,0,boundary_collision,,,783.0000000000007,574.6868712612113,
335,1,0,obstacle_collision,,,162.0,560.7717895900256,
336,1,0,boundary_collision,,,149.99999999999994,641.8473338730947,
337,1,0,boundary_collision,,,293.99999999999994,659.3519545735797,
338,1,0,boundary_collision,,,54.00000000000028,660.5187355404842,
339,1,0,obstacle_collision,,,111.00000000000003,595.1537616448375,
340,1,0,boundary_collision,,,65.99999999999991,686.4706840062437,
341,1,0,boundary_collision,,,345.00000000000017,622.0940443373494,
342,1,0,boundary_collision,,,87.00000000000021,652.9846858847457,
343,1,0,boundary_collision,,,93.00000000000001,703.9275530905152,
344,1,0,boundary_collision,,,264.0000000000012,621.1803280851705,
345,1,0,boundary_collision,,,131.99999999999997,584.0547919502073,
346,1,0,boundary_collision,,,141.00000000000003,593.2832375855565,
347,1,0,boundary_collision,,,291.0000000000002,629.3647591023825,
348,0,1,success,,,674.9999999999998,640.4014366005123,1.0540263675596193
349,0,1,success,,,969.0000000000003,563.151844532183,1.7206726914034356
350,1,0,boundary_collision,,,90.00000000000001,562.9529287604781,
351,1,0,boundary_collision,,,38.99999999999999,540.6255635835213,
352,1,0,boundary_collision,,,824.9999999999995,651.2219283777229,
353,1,0,boundary_collision,,,96.00000000000001,621.0072463345335,
354,1,0,boundary_collision,,,53.999999999999936,739.9844592962747,
355,1,0,boundary_collision,,,128.99999999999991,574.4580054277249,
356,1,0,boundary_collision,,,69.00000000000041,673.4129490884475,
357,1,0,boundary_collision,,,114.00000000000001,722.2638022218752,
358,1,0,boundary_collision,,,113.99999999999996,625.9241168065023,
359,1,0,boundary_collision,,,278.9999999999999,610.6234518915892,
360,1,0,obstacle_collision,,,822.0000000000005,617.831692291679,
361,1,0,boundary_collision,,,57.0,651.7522535442436,
362,1,0,obstacle_collision,,,378.00000000000034,634.6904757438857,
363,1,0,obstacle_collision,,,392.99999999999994,563.9937942921003,
364,1,0,boundary_collision,,,711.0000000000005,656.592720032746,
365,1,0,boundary_collision,,,138.00000000000014,675.7403347440494,
366,1,0,boundary_collision,,,729.0000000000002,570.01491208564,
367,1,0,boundary_collision,,,140.99999999999991,608.4118670769004,
368,1,0,boundary_collision,,,74.99999999999999,587.2180174347513,
369,1,0,boundary_collision,,,125.99999999999966,622.4250958950804,
370,1,0,obstacle_collision,,,488.99999999999983,586.8602900179906,
371,1,0,boundary_collision,,,96.00000000000001,725.7857810676646,
372,1,0,boundary_collision,,,42.0,763.4821543428503,
373,0,1,success,,,789.0000000000002,669.940295847324,1.1777168874460557
374,1,0,boundary_collision,,,108.00000000000007,687.2044819411468,
375,0,1,success,,,870.0,703.8217103784168,1.2361085018707874
376,1,0,boundary_collision,,,282.00000000000017,670.9374039357174,
377,0,1,success,,,833.9999999999998,598.2056502575014,1.3941693791106775
378,1,0,boundary_collision,,,134.9999999999999,589.6185207403173,
379,1,0,boundary_collision,,,756.0000000000006,791.0764817639316,
380,1,0,obstacle_collision,,,348.0000000000002,631.6019315993262,
381,1,0,boundary_collision,,,276.0000000000005,563.9370532249145,
382,1,0,obstacle_collision,,,987.0,580.2378822517537,
383,1,0,boundary_collision,,,429.0000000000008,645.9489143887464,
384,1,0,boundary_collision,,,920.9999999999999,695.3481142564492,
385,1,0,boundary_collision,,,714.0000000000006,641.922892565766,
386,1,0,boundary_collision,,,204.00000000000014,624.5294228457135,
387,1,0,boundary_collision,,,51.00000000000013,638.7315555066933,
388,1,0,boundary_collision,,,45.00000000000002,685.9460620194565,
389,0,1,success,,,563.9999999999998,572.4089447239622,0.9853095504508275
390,1,0,boundary_collision,,,143.99999999999991,633.7854526572853,
391,1,0,boundary_collision,,,162.00000000000014,601.5588084302316,
392,1,0,obstacle_collision,,,638.9999999999992,601.4690349469372,
393,1,0,boundary_collision,,,53.99999999999999,680.0838183635897,
394,1,0,boundary_collision,,,86.99999999999999,668.3210306432081,
395,1,0,obstacle_collision,,,551.9999999999999,647.892738036166,
396,1,0,boundary_collision,,,200.99999999999991,554.9936936578649,
397,1,0,obstacle_collision,,,287.9999999999996,564.0939638039039,
398,0,1,success,,,726.0,659.709784678081,1.1004839049859882
399,1,0,boundary_collision,,,141.00000000000028,541.7933185265392,
400,1,0,boundary_collision,,,192.00000000000017,715.1034890140028,
401,1,0,boundary_collision,,,798.0000000000001,630.6417366460929,
402,1,0,boundary_collision,,,138.00000000000003,644.5254067916951,
403,1,0,boundary_collision,,,684.0000000000011,638.6000313185085,
404,1,0,boundary_collision,,,228.00000000000017,602.130384551386,
405,0,1,success,,,581.9999999999998,597.0360123141652,0.9748155689036504
406,1,0,boundary_collision,,,155.99999999999994,523.6993412254783,
407,1,0,boundary_collision,,,896.9999999999994,621.161009722922,
408,1,0,boundary_collision,,,152.99999999999991,598.2056502575014,
409,1,0,boundary_collision,,,95.99999999999999,584.7366928797952,
410,1,0,boundary_collision,,,75.00000000000018,669.914173607336,
411,1,0,boundary_collision,,,96.00000000000001,619.7757659024754,
412,1,0,boundary_collision,,,74.99999999999976,658.2674228609525,
413,1,0,boundary_collision,,,146.99999999999991,625.511790456423,
414,1,0,boundary_collision,,,62.999999999999964,670.5773631729601,
415,1,0,obstacle_collision,,,186.0000000000001,625.5141884881589,
416,1,0,boundary_collision,,,84.0,577.6313703392502,
417,1,0,boundary_collision,,,99.0,705.2581087800409,
418,1,0,boundary_collision,,,120.0,669.7297962611489,
419,1,0,boundary_collision,,,144.0,632.8427924848319,
420,1,0,obstacle_collision,,,701.9999999999995,605.8976811310636,
421,0,1,success,,,800.9999999999987,645.8149889867841,1.240293293992268
422,0,1,success,,,687.0000000000013,551.2431405468915,1.2462740113526394
423,1,0,boundary_collision,,,150.00000000000003,660.4013930936245,
424,1,0,obstacle_collision,,,377.99999999999994,701.9757830580767,
425,1,0,boundary_collision,,,51.00000000000003,636.4039597614081,
426,1,0,boundary_collision,,,293.9999999999998,520.8617858895007,
427,1,0,boundary_collision,,,153.0,626.1317752677945,
428,0,1,success,,,632.9999999999998,638.192760848946,0.9918633347673222
429,1,0,boundary_collision,,,66.00000000000001,598.0033444722529,
430,1,0,boundary_collision,,,78.00000000000037,661.774130651841,
431,0,1,success,,,662.9999999999998,652.0897177536232,1.0167312594407427
432,1,0,boundary_collision,,,804.0000000000005,675.8942224934312,
433,0,1,success,,,935.9999999999989,589.8915154500868,1.5867324338201942
434,1,0,boundary_collision,,,173.99999999999997,519.1810859420824,
435,1,0,boundary_collision,,,101.99999999999997,602.2374946812927,
436,1,0,boundary_collision,,,173.9999999999999,612.2221818915091,
437,0,1,success,,,827.9999999999999,713.9278675048341,1.1597810334730958
438,0,1,success,,,572.9999999999999,559.3514101171105,1.0244007427817725
439,1,0,boundary_collision,,,753.0,627.6878204967817,
440,0,1,success,,,654.0000000000002,625.5125898013564,1.0455425049201497
441,1,0,boundary_collision,,,140.99999999999994,650.0538439237168,
442,1,0,boundary_collision,,,95.9999999999998,641.0070202423683,
443,1,0,boundary_collision,,,48.0,664.1460682711296,
444,1,0,boundary_collision,,,365.9999999999999,593.4787275041962,
445,1,0,boundary_collision,,,135.00000000000006,571.1199523742802,
446,1,0,boundary_collision,,,126.00000000000003,699.5784444935392,
447,1,0,boundary_collision,,,201.00000000000003,717.5883220900407,
448,0,1,success,,,920.9999999999998,624.4077193629175,1.474997780199923
449,1,0,boundary_collision,,,44.99999999999998,697.0624075360828,
450,1,0,obstacle_collision,,,444.00000000000006,629.7563020724763,
451,1,0,obstacle_collision,,,117.00000000000011,546.0586049134287,
452,1,0,boundary_collision,,,120.00000000000007,615.3933701300332,
453,1,0,boundary_collision,,,74.99999999999997,664.930071511283,
454,1,0,boundary_collision,,,56.99999999999999,712.8155441627238,
455,1,0,boundary_collision,,,1001.9999999999997,618.8545871204317,
456,1,0,boundary_collision,,,212.99999999999972,529.114354369639,
457,1,0,obstacle_collision,,,705.0000000000005,677.8266740103992,
458,0,1,success,,,617.9999999999995,628.5809414864565,0.9831669387534478
459,1,0,obstacle_collision,,,152.99999999999991,645.0503856289057,
460,1,0,boundary_collision,,,933.0000000000001,722.0006925204435,
461,1,0,obstacle_collision,,,530.9999999999997,554.9026941725909,
462,1,0,obstacle_collision,,,113.99999999999997,668.6404115815915,
463,0,1,success,,,741.0000000000003,629.0508723465854,1.1779651417313906
464,1,0,boundary_collision,,,783.0000000000002,656.8295060363838,
465,0,1,success,,,639.0000000000001,584.4142366506826,1.0934025215781056
466,0,1,success,,,537.0000000000005,530.7447597480356,1.0117857786385578
467,1,0,boundary_collision,,,237.0,612.2360655825496,
468,1,0,obstacle_collision,,,90.0000000000002,559.3228048274091,
469,0,1,success,,,768.0,539.1122332130852,1.4245642237104392
470,1,0,boundary_collision,,,98.99999999999997,753.660400976461,
471,1,0,boundary_collision,,,101.99999999999997,617.3370230271306,
472,1,0,boundary_collision,,,924.0,684.2550694002931,
473,1,0,boundary_collision,,,827.9999999999993,642.1253771655502,
474,1,0,obstacle_collision,,,119.99999999999994,670.0186564566691,
475,1,0,boundary_collision,,,92.99999999999991,670.2969491203133,
476,0,1,success,,,581.9999999999999,595.4913937245441,0.9773440995676507
477,1,0,boundary_collision,,,654.0000000000003,608.6986117940471,
478,1,0,obstacle_collision,,,338.99999999999955,645.482765068131,
479,1,0,boundary_collision,,,92.99999999999999,618.2620803510433,
480,1,0,obstacle_collision,,,596.9999999999994,677.3455543516912,
481,1,0,boundary_collision,,,339.00000000000017,641.1614461272605,
482,1,0,boundary_collision,,,233.99999999999986,610.9680842728203,
483,1,0,obstacle_collision,,,777.0,573.6793529490145,
484,1,0,obstacle_collision,,,104.99999999999989,746.7402493504686,
485,1,0,boundary_collision,,,72.00000000000004,665.3675675895241,
486,1,0,obstacle_collision,,,131.9999999999997,600.2566117919902,
487,0,1,success,,,924.0000000000001,617.3572709541858,1.49670222328777
488,1,0,boundary_collision,,,176.99999999999991,553.4419572096066,
489,1,0,boundary_collision,,,689.9999999999994,687.1950232648662,
490,1,0,obstacle_collision,,,530.9999999999993,609.3094451918499,
491,1,0,obstacle_collision,,,402.00000000000057,568.2719419432918,
492,0,1,success,,,639.0,636.2837417379136,1.0042689418005044
493,1,0,boundary_collision,,,999.0000000000005,640.956316764255,
494,0,1,success,,,695.9999999999997,669.3466964137494,1.0398198776942567
495,1,0,boundary_collision,,,131.99999999999991,645.5385348683686,
496,1,0,obstacle_collision,,,221.99999999999997,645.8637627239974,
497,0,1,success,,,624.0000000000006,571.6336239235757,1.0916082852457014
498,1,0,boundary_collision,,,138.00000000000014,746.9062859556077,
499,1,0,boundary_collision,,,132.0000000000001,619.7096094139577,
500,1,0,boundary_collision,,,98.99999999999999,681.8122908836419,
501,1,0,boundary_collision,,,321.00000000000006,641.2651557663179,
502,1,0,obstacle_collision,,,396.00000000000045,619.0258476025052,
503,1,0,obstacle_collision,,,351.0,613.2030658762234,
504,1,0,boundary_collision,,,108.00000000000004,666.3107383195921,
505,1,0,obstacle_collision,,,545.9999999999997,616.9359772294042,
506,1,0,obstacle_collision,,,714.0000000000002,645.9543327511628,
507,0,1,success,,,680.9999999999998,688.9716975319088,0.9884295718380509
508,1,0,obstacle_collision,,,498.0000000000001,592.1900032928621,
509,1,0,obstacle_collision,,,135.0,669.2234305521587,
510,1,0,boundary_collision,,,39.0,682.6836749183328,
511,1,0,boundary_collision,,,155.99999999999997,596.9765489531394,
512,1,0,obstacle_collision,,,699.0000000000005,648.951461975393,
513,1,0,obstacle_collision,,,618.0000000000003,667.1986211016927,
514,1,0,boundary_collision,,,146.9999999999999,623.0834615041551,
515,1,0,boundary_collision,,,123.00000000000017,616.7090075554272,
516,1,0,obstacle_collision,,,252.0000000000005,597.4286568285789,
517,1,0,obstacle_collision,,,434.99999999999994,591.068523946251,
518,1,0,boundary_collision,,,182.99999999999963,589.9160957288757,
519,1,0,obstacle_collision,,,290.99999999999983,624.2387363821633,
520,1,0,obstacle_collision,,,627.0000000000006,590.2143678359583,
521,0,1,success,,,744.0000000000003,713.2776458014088,1.0430720833316922
522,0,1,success,,,624.0000000000002,636.3175307973213,0.9806424776920936
523,1,0,boundary_collision,,,335.9999999999991,615.2503555464231,
524,0,1,success,,,527.9999999999997,548.0082116173078,0.9634892120352377
525,1,0,boundary_collision,,,233.99999999999983,550.2726596879041,
526,1,0,boundary_collision,,,125.99999999999993,641.3306479500259,
527,1,0,boundary_collision,,,47.999999999999986,756.8256073891791,
528,1,0,boundary_collision,,,756.0,611.942807785172,
529,0,1,success,,,690.0000000000002,685.1605651232418,1.0070632128045607
530,0,1,success,,,602.9999999999997,596.5517580227217,1.0108091911398447
531,1,0,boundary_collision,,,78.00000000000009,558.0224009840465,
532,1,0,boundary_collision,,,119.99999999999997,565.5554791530182,
533,1,0,obstacle_collision,,,747.0,731.1142181629352,
534,1,0,boundary_collision,,,119.99999999999936,589.4980915999644,
535,1,0,obstacle_collision,,,78.00000000000017,598.9407316254255,
536,1,0,boundary_collision,,,749.9999999999999,637.6958522681483,
537,1,0,obstacle_collision,,,161.99999999999994,608.8365954835501,
538,1,0,boundary_collision,,,924.0000000000003,634.2570456841611,
539,1,0,boundary_collision,,,236.99999999999983,568.9586979737633,
540,1,0,obstacle_collision,,,323.99999999999966,662.3360174412984,
541,0,1,success,,,692.9999999999997,618.5668920981789,1.120331541911892
542,0,1,success,,,683.9999999999999,676.4621201516017,1.0111430923090106
543,1,0,obstacle_collision,,,71.99999999999999,637.1130198010397,
544,1,0,boundary_collision,,,135.00000000000006,595.8691131448248,
545,1,0,boundary_collision,,,174.00000000000065,625.6332791659984,
546,0,1,success,,,612.0000000000002,616.3383810862341,0.9929610402023189
547,1,0,obstacle_collision,,,435.0000000000002,637.9529763234905,
548,0,1,success,,,671.9999999999997,671.9598202273704,1.0000597949035341
549,1,0,obstacle_collision,,,444.0,718.2318567148077,
550,0,1,success,,,522.0000000000002,530.6995383453805,0.9836074130147093
551,1,0,obstacle_collision,,,449.99999999999994,659.0394525367961,
552,1,0,boundary_collision,,,98.99999999999997,621.7716622683926,
553,1,0,obstacle_collision,,,447.0000000000001,677.9852505770314,
554,0,1,success,,,684.0,641.3025806902698,1.0665792101815224
555,1,0,boundary_collision,,,827.9999999999998,631.0911186191737,
556,0,1,success,,,623.9999999999999,609.099335084188,1.0244634397996055
557,0,1,success,,,683.9999999999998,550.6813960903346,1.2420975265483554
558,1,0,boundary_collision,,,875.9999999999997,613.7752031485143,
559,1,0,boundary_collision,,,120.00000000000006,627.034289333526,
560,1,0,obstacle_collision,,,351.0000000000002,676.5153361158932,
561,1,0,boundary_collision,,,81.00000000000004,676.9844902211571,
562,1,0,obstacle_collision,,,578.9999999999998,712.2029205219535,
563,1,0,boundary_collision,,,101.99999999999997,632.9083661952968,
564,0,1,success,,,710.9999999999997,625.0535977018291,1.1375024519723984
565,1,0,obstacle_collision,,,363.0000000000003,582.5083690385916,
566,1,0,obstacle_collision,,,579.0000000000002,692.7236101072347,
567,1,0,boundary_collision,,,713.9999999999997,533.2400960167943,
568,0,1,success,,,753.0000000000005,655.6492964992794,1.1484798413122799
569,1,0,obstacle_collision,,,228.00000000000014,590.2855241321779,
570,1,0,obstacle_collision,,,86.99999999999997,648.8343394118409,
571,1,0,boundary_collision,,,135.00000000000003,667.5964349814939,
572,0,1,success,,,648.0000000000003,579.4238517700147,1.1183523046566004
573,1,0,boundary_collision,,,60.0,633.3545610477594,
574,1,0,boundary_collision,,,131.99999999999997,575.4102884029795,
575,1,0,obstacle_collision,,,291.00000000000017,645.3975519011518,
576,1,0,obstacle_collision,,,483.0000000000002,609.269234411192,
577,0,1,success,,,564.0000000000002,544.1112018696178,1.036552818729044
578,1,0,boundary_collision,,,104.99999999999996,635.9347450800278,
579,0,1,success,,,531.000000000001,550.66232847363,0.9642933110602815
580,1,0,boundary_collision,,,45.0,591.486263576763,
581,1,0,boundary_collision,,,66.00000000000001,710.9458488520768,
582,1,0,obstacle_collision,,,335.9999999999999,651.22653508591,
583,1,0,boundary_collision,,,162.00000000000006,633.0908307660126,
584,0,1,success,,,642.0000000000005,589.7050110012632,1.0886799128770253
585,1,0,obstacle_collision,,,519.0000000000005,597.5366097570926,
586,0,1,success,,,689.9999999999995,674.997037030534,1.0222267093726323
587,0,1,success,,,770.9999999999987,715.1181720527035,1.078143487511847
588,1,0,obstacle_collision,,,398.9999999999999,640.956316764255,
589,1,0,obstacle_collision,,,951.0000000000001,553.47990026739,
590,0,1,success,,,615.0000000000001,609.9983606535349,1.008199430800284
591,1,0,obstacle_collision,,,173.99999999999991,577.0008665504758,
592,0,1,success,,,747.0000000000007,747.7920834028668,0.9989407705424459
593,1,0,obstacle_collision,,,638.9999999999997,556.3595959449248,
594,1,0,boundary_collision,,,48.000000000000036,618.1731149119962,
595,0,1,success,,,594.0000000000008,602.4018592268785,0.9860527335728003
596,1,0,boundary_collision,,,111.00000000000009,591.6088234636127,
597,1,0,boundary_collision,,,81.00000000000001,575.127811881846,
598,0,1,success,,,642.0000000000003,601.9111230073755,1.0666026518870853
599,0,1,success,,,860.9999999999997,641.3002416965084,1.3425848674597303
600,1,0,obstacle_collision,,,225.0000000000002,609.6433383544841,
601,1,0,obstacle_collision,,,647.9999999999998,653.2212488889197,
602,0,1,success,,,744.0000000000008,717.0564831308619,1.0375751666751498
603,1,0,obstacle_collision,,,623.9999999999998,684.342019753281,
604,1,0,obstacle_collision,,,362.99999999999966,592.4086427458668,
605,1,0,obstacle_collision,,,297.00000000000006,642.573731177987,
606,1,0,obstacle_collision,,,708.0000000000003,754.1810127548956,
607,0,1,success,,,716.9999999999998,634.0197157817728,1.1308796590274939
608,1,0,obstacle_collision,,,159.00000000000014,682.3547464479162,
609,0,1,success,,,944.9999999999998,674.1898842314382,1.4016822591120293
610,1,0,boundary_collision,,,42.00000000000002,701.4228396623538,
611,1,0,obstacle_collision,,,278.9999999999996,611.948527247186,
612,1,0,boundary_collision,,,45.0,674.641386219375,
613,0,1,success,,,989.9999999999999,765.020261169598,1.2940833730160852
614,1,0,boundary_collision,,,800.9999999999999,713.2236675826174,
615,1,0,obstacle_collision,,,405.0000000000003,563.404827810341,
616,1,0,boundary_collision,,,858.0,603.9577799813494,
617,0,1,success,,,750.0000000000003,580.1835916328555,1.292694262326891
618,1,0,obstacle_collision,,,537.0000000000015,638.9593101285872,
619,1,0,boundary_collision,,,378.0,586.7418512429465,
620,1,0,boundary_collision,,,137.99999999999994,619.18979319753,
621,1,0,boundary_collision,,,125.99999999999999,608.523623206199,
622,1,0,boundary_collision,,,60.000000000000014,736.2913825381905,
623,0,1,success,,,585.0000000000002,588.5745492288976,0.9939267689478242
624,1,0,boundary_collision,,,101.99999999999997,669.173370659652,
625,1,0,boundary_collision,,,81.00000000000037,571.5181536924265,
626,1,0,obstacle_collision,,,78.0,615.1820868653443,
627,1,0,obstacle_collision,,,156.00000000000006,637.7656309334958,
628,1,0,boundary_collision,,,87.00000000000003,663.4485662053992,
629,1,0,boundary_collision,,,129.0,563.0719314616916,
630,0,1,success,,,828.0000000000003,610.2196325914138,1.3568884968248904
631,0,1,success,,,888.0,576.8882040742383,1.5392930445250108
632,0,1,success,,,623.9999999999997,629.2988161438094,0.9915798091337917
633,1,0,boundary_collision,,,161.99999999999994,565.7137085134141,
634,1,0,boundary_collision,,,140.99999999999997,604.6130994280558,
635,0,1,success,,,512.9999999999994,528.1145709029433,0.9713801289801534
636,1,0,boundary_collision,,,114.00000000000004,632.2040809738577,
637,1,0,obstacle_collision,,,321.0000000000003,563.6186654112868,
638,1,0,boundary_collision,,,44.99999999999996,656.8142812089275,
639,1,0,obstacle_collision,,,119.99999999999983,609.5900261651268,
640,1,0,obstacle_collision,,,753.0000000000002,627.2878127303287,
641,1,0,boundary_collision,,,834.0,595.1546017632729,
642,0,1,success,,,798.0000000000002,572.1651859384665,1.3947021238125823
643,1,0,boundary_collision,,,764.9999999999999,611.395943722233,
644,1,0,obstacle_collision,,,99.00000000000031,690.0507227733335,
645,0,1,success,,,669.0,600.5397572184543,1.1139978526961078
646,0,1,success,,,672.0000000000001,647.1205451845892,1.0384463992072979
647,0,1,success,,,740.9999999999999,539.3366295737756,1.3739100208817523
648,1,0,obstacle_collision,,,432.0000000000001,618.7729793712715,
649,1,0,boundary_collision,,,176.9999999999998,655.985518132832,
650,1,0,boundary_collision,,,198.0,623.8990302925627,
651,1,0,obstacle_collision,,,179.99999999999991,630.558482616799,
652,1,0,obstacle_collision,,,170.99999999999997,710.1161876763548,
653,0,1,success,,,618.0000000000002,619.9846772300102,0.9967988285793171
654,1,0,boundary_collision,,,672.0000000000009,598.9874790010222,
655,0,1,success,,,776.9999999999998,688.0356095435759,1.1293020146376442
656,1,0,obstacle_collision,,,809.9999999999997,695.6328054368914,
657,0,1,success,,,546.0000000000003,549.6225977887008,0.9934089358711319
658,1,0,obstacle_collision,,,318.0,644.4610151126288,
659,1,0,obstacle_collision,,,90.00000000000009,598.5398900658167,
660,0,1,success,,,596.9999999999999,585.1230639788522,1.0202981846936339
661,1,0,boundary_collision,,,755.9999999999998,609.5654189666602,
662,0,1,success,,,671.9999999999999,652.476053200422,1.0299228557183242
663,0,1,success,,,765.0000000000001,635.1857995893799,1.2043720128733033
664,0,1,success,,,692.9999999999999,618.9426467775507,1.1196513984098846
665,1,0,boundary_collision,,,815.9999999999998,702.807228192767,
666,1,0,boundary_collision,,,59.99999999999999,598.030099576936,
667,0,1,success,,,524.9999999999993,543.6000367917574,0.9657835990933102
668,0,1,success,,,687.0000000000002,620.9186742239276,1.1064250899824621
669,0,1,success,,,648.0000000000002,636.9442675776272,1.017357456507803
670,1,0,boundary_collision,,,101.99999999999976,770.5958733343957,
671,1,0,obstacle_collision,,,69.00000000000007,601.0532422339971,
672,0,1,success,,,582.0000000000013,542.0332093147061,1.0737349483361458
673,1,0,boundary_collision,,,104.9999999999997,646.1772202732003,
674,0,1,success,,,614.9999999999999,571.7735565763776,1.075600634073479
675,1,0,boundary_collision,,,57.00000000000001,682.912146619168,
676,0,1,success,,,569.9999999999998,575.7612352355792,0.9899937076638684
677,1,0,boundary_collision,,,59.99999999999996,582.9922812525051,
678,0,1,success,,,761.9999999999998,690.6938540337535,1.1032384254613066
679,0,1,success,,,648.0000000000005,623.9390995922599,1.0385628988846254
680,0,1,success,,,632.9999999999999,646.3072024973883,0.9794104066209255
681,1,0,obstacle_collision,,,416.99999999999994,597.2101807571603,
682,1,0,obstacle_collision,,,363.0000000000002,611.7393235684624,
683,0,1,success,,,875.9999999999998,596.7545559105519,1.467940196390062
684,0,1,success,,,771.0000000000002,609.530967219878,1.2649070210765436
685,0,1,success,,,704.9999999999999,699.0314728250796,1.0085382810459147
686,1,0,boundary_collision,,,89.99999999999989,691.0347313992257,
687,1,0,boundary_collision,,,138.0000000000002,623.5198473184314,
688,1,0,boundary_collision,,,54.00000000000002,687.5070908725232,
689,0,1,success,,,563.9999999999993,553.8086312075679,1.0184023292851347
690,1,0,boundary_collision,,,110.99999999999986,764.9738557624045,
691,1,0,boundary_collision,,,120.00000000000011,568.1769090697017,
692,0,1,success,,,740.9999999999998,658.1489193184169,1.1258850060369072
693,0,1,success,,,723.0000000000011,711.915725349567,1.0155696443493947
694,0,1,success,,,647.9999999999997,610.5972486017276,1.0612560103798774
695,1,0,boundary_collision,,,68.99999999999986,654.077212567446,
696,1,0,boundary_collision,,,728.9999999999994,581.3303707875583,
697,1,0,boundary_collision,,,59.99999999999998,703.9154778806899,
698,0,1,success,,,761.9999999999998,628.2579088240752,1.21287768812374
699,1,0,obstacle_collision,,,347.99999999999983,607.4973250969916,
700,1,0,obstacle_collision,,,320.99999999999966,610.1294944517925,
701,1,0,obstacle_collision,,,62.999999999999986,621.5504806530198,
702,1,0,boundary_collision,,,93.00000000000017,624.846381120992,
703,1,0,boundary_collision,,,108.00000000000006,709.2601779319067,
704,0,1,success,,,698.9999999999997,655.3365547564091,1.0666275136442227
705,0,1,success,,,774.0000000000005,659.6241353983343,1.1733955118737383
706,1,0,obstacle_collision,,,201.00000000000017,576.0555528766301,
707,1,0,obstacle_collision,,,311.9999999999998,636.3961030678928,
708,0,1,success,,,669.0000000000005,672.1019267938458,0.9953847375372921
709,1,0,obstacle_collision,,,675.0000000000002,647.4449783572346,
710,1,0,boundary_collision,,,228.00000000000063,548.0447062056161,
711,0,1,success,,,714.0,729.7184388515889,0.9784595838412332
712,1,0,obstacle_collision,,,275.9999999999999,575.5388779222477,
713,1,0,boundary_collision,,,155.99999999999997,615.013007992514,
714,1,0,obstacle_collision,,,684.0,677.0561276585569,
715,1,0,obstacle_collision,,,789.0000000000002,681.5629097889644,
716,1,0,boundary_collision,,,165.0000000000001,633.0821431694311,
717,0,1,success,,,666.0000000000002,651.8136236686066,1.0217644673511859
718,1,0,boundary_collision,,,101.99999999999989,651.6786017662388,
719,1,0,boundary_collision,,,96.00000000000004,644.4571358903554,
720,1,0,boundary_collision,,,786.0,692.2925682108685,
721,0,1,success,,,642.0000000000006,590.8113065945844,1.0866413571203741
722,0,1,success,,,656.9999999999999,668.3000822983639,0.9830913049426813
723,0,1,success,,,585.0000000000005,584.8940074919558,1.0001812166079442
724,0,1,success,,,839.9999999999993,800.1762305892371,1.049768748293656
725,1,0,boundary_collision,,,65.99999999999976,589.3063719322913,
726,1,0,boundary_collision,,,104.99999999999991,591.7905034723015,
727,1,0,boundary_collision,,,152.9999999999998,635.9756284638587,
728,0,1,success,,,621.0000000000002,619.4465271514564,1.0025078401128302
729,0,1,success,,,575.9999999999997,574.7208017811779,1.002225773305677
730,0,1,success,,,590.9999999999998,597.2177157452716,0.989588862518064
731,0,1,success,,,656.9999999999998,666.0187685043118,0.9864586871559707
732,0,1,success,,,530.999999999999,537.5546483847014,0.9878065450565845
733,0,1,success,,,765.0000000000001,742.8929936404031,1.0297579954971252
734,0,1,success,,,617.9999999999998,602.6848264225672,1.0254115798274543
735,1,0,obstacle_collision,,,566.9999999999997,565.1070695009929,
736,1,0,boundary_collision,,,63.00000000000006,667.8031146977378,
737,1,0,boundary_collision,,,62.99999999999993,651.3079148912594,
738,0,1,success,,,888.0,630.0872955392769,1.4093285268352884
739,0,1,success,,,771.0000000000003,600.5364268718427,1.2838521786531618
740,1,0,boundary_collision,,,722.9999999999995,631.8267167507244,
741,0,1,success,,,702.0000000000001,683.3688608650529,1.027263664181834
742,1,0,obstacle_collision,,,504.00000000000017,615.7808051571598,
743,0,1,success,,,624.0000000000006,627.7141068989927,0.9940831234184933
744,0,1,success,,,734.9999999999998,651.3378539590648,1.1284466203405905
745,0,1,success,,,762.0000000000001,654.7992058639045,1.1637155225236735
746,0,1,success,,,639.0000000000001,637.0384603773936,1.0030791541556918
747,1,0,obstacle_collision,,,192.00000000000017,724.7213257521818,
748,0,1,success,,,812.9999999999999,679.1538853603063,1.1970777426513364
749,1,0,obstacle_collision,,,314.9999999999999,663.1085883925799,
750,0,1,success,,,566.9999999999993,580.331801644542,0.9770272771425536
751,1,0,boundary_collision,,,111.00000000000004,793.8847523412954,
752,0,1,success,,,636.0000000000001,643.5067987208838,0.9883345463702867
753,1,0,boundary_collision,,,78.0,617.090755075783,
754,1,0,obstacle_collision,,,114.00000000000001,563.4296761797341,
755,1,0,obstacle_collision,,,242.99999999999986,685.6310961442749,
756,0,1,success,,,594.0,567.1728131707301,1.0472998461955445
757,1,0,obstacle_collision,,,455.9999999999992,556.3200517687637,
758,1,0,boundary_collision,,,228.00000000000028,651.4598989960932,
759,0,1,success,,,716.9999999999999,654.3920843042036,1.0956734000876025
760,0,1,success,,,836.9999999999999,669.196533164959,1.2507536404012973
761,1,0,boundary_collision,,,81.00000000000006,621.7298448683318,
762,1,0,obstacle_collision,,,254.99999999999991,626.5987551854855,
763,0,1,success,,,543.0000000000005,529.4572692862002,1.0255785150179506
764,1,0,boundary_collision,,,101.99999999999993,585.0239311344451,
765,1,0,boundary_collision,,,137.99999999999997,671.2153156774657,
766,1,0,boundary_collision,,,119.99999999999994,628.339080433487,
767,0,1,success,,,629.9999999999999,607.6454558375303,1.0367887950904822
768,0,1,success,,,633.0000000000001,622.4291124296806,1.0169832794758837
769,1,0,boundary_collision,,,135.00000000000003,642.1347210671605,
770,1,0,obstacle_collision,,,287.9999999999999,568.6897220805032,
771,1,0,obstacle_collision,,,243.0000000000001,705.2269138369579,
772,1,0,obstacle_collision,,,272.9999999999999,552.8562200066126,
773,1,0,boundary_collision,,,138.00000000000006,594.4711935830028,
774,0,1,success,,,773.9999999999999,774.0704102341078,0.9999090389799468
775,0,1,success,,,894.0000000000003,659.8257345693634,1.3549032011967088
776,1,0,boundary_collision,,,98.99999999999993,653.1102510296405,
777,1,0,obstacle_collision,,,651.0000000000003,671.1549746519056,
778,1,0,boundary_collision,,,708.0000000000007,568.894542072606,
779,1,0,boundary_collision,,,108.0,645.1867946571753,
780,1,0,boundary_collision,,,66.0,597.2269250460834,
781,1,0,boundary_collision,,,171.0000000000001,602.6939521846889,
782,0,1,success,,,570.0000000000001,554.4555888436873,1.0280354485897247
783,1,0,boundary_collision,,,141.0,650.9231905532326,
784,1,0,boundary_collision,,,50.999999999999964,651.5742474960164,
785,1,0,obstacle_collision,,,726.0,683.1259034760723,
786,0,1,success,,,645.0000000000005,636.3976744143555,1.013517217192161
787,1,0,boundary_collision,,,66.0,649.4004927623631,
788,1,0,boundary_collision,,,96.00000000000001,626.0838601976576,
789,1,0,boundary_collision,,,63.00000000000021,582.8636204121852,
790,1,0,boundary_collision,,,134.99999999999983,644.8945650259428,
791,1,0,boundary_collision,,,767.9999999999997,570.221886637123,
792,0,1,success,,,782.9999999999999,604.9504111908677,1.2943209650170082
793,0,1,success,,,747.0000000000001,764.7306715439103,0.9768144888080482
794,1,0,obstacle_collision,,,281.9999999999999,788.8852895066557,
795,1,0,boundary_collision,,,101.99999999999986,626.8093809125705,
796,1,0,boundary_collision,,,177.00000000000034,602.0074750366477,
797,1,0,boundary_collision,,,723.0000000000003,595.6248819517197,
798,0,1,success,,,711.0000000000001,650.7080758681269,1.0926558719152766
799,1,0,boundary_collision,,,57.00000000000012,656.883551323977,
800,0,1,success,,,912.0000000000003,683.3710558693571,1.3345604736504253
801,0,1,success,,,870.0000000000001,636.121057661197,1.3676642040411258
802,1,0,boundary_collision,,,117.00000000000011,613.5772160046362,
803,0,1,success,,,596.9999999999997,612.6401880386235,0.9744708421941823
804,1,0,boundary_collision,,,80.9999999999998,651.1965909001674,
805,0,1,success,,,605.9999999999999,602.100489951636,1.0064765103391249
806,1,0,obstacle_collision,,,309.0000000000002,623.2054235964254,
807,1,0,obstacle_collision,,,143.99999999999994,578.9110467075232,
808,0,1,success,,,623.9999999999998,587.5755270601389,1.061991133500924
809,0,1,success,,,612.0000000000007,625.5885229126251,0.978278816802203
810,1,0,obstacle_collision,,,1458.0,750.7975759151064,
811,0,1,success,,,774.0000000000003,559.4541983040256,1.383491271218209
812,1,0,obstacle_collision,,,836.9999999999999,595.201646503099,
813,1,0,obstacle_collision,,,288.0,619.0129239361647,
814,0,1,success,,,714.0000000000001,672.501301113983,1.0617079830437137
815,1,0,obstacle_collision,,,210.00000000000003,770.5433148110494,
816,1,0,boundary_collision,,,77.99999999999997,610.2196325914138,
817,1,0,obstacle_collision,,,621.0,646.0789425449494,
818,1,0,boundary_collision,,,71.99999999999999,647.7653896280659,
819,0,1,success,,,696.0000000000001,706.1961483893834,0.9855618748238183
820,0,1,success,,,666.0000000000002,636.5477201278785,1.046268769710156
821,0,1,success,,,618.0000000000001,605.1396533032685,1.0212518657908651
822,1,0,boundary_collision,,,734.9999999999997,560.000892856431,
823,1,0,obstacle_collision,,,185.99999999999983,642.9323448077566,
824,1,0,obstacle_collision,,,173.99999999999994,654.2858702432752,
825,1,0,obstacle_collision,,,318.00000000000006,674.184692795676,
826,0,1,success,,,782.9999999999997,695.3804713967743,1.1260022853780012
827,0,1,success,,,711.0000000000001,677.2392487149574,1.0498505533297173
828,0,1,success,,,714.0,596.1417616641196,1.1977016976748636
829,1,0,obstacle_collision,,,341.9999999999996,661.4786466697168,
830,0,1,success,,,657.0000000000001,654.2698220153517,1.004172862468635
831,1,0,boundary_collision,,,47.99999999999986,668.9730936293328,
832,1,0,obstacle_collision,,,147.00000000000014,700.405596779466,
833,0,1,success,,,936.0,697.4725801062003,1.3419882396774372
834,1,0,boundary_collision,,,60.00000000000001,666.5950794897905,
835,0,1,success,,,681.0000000000002,683.7404478309003,0.9959919764296615
836,1,0,obstacle_collision,,,206.99999999999983,693.9077748519611,
837,1,0,boundary_collision,,,198.0000000000001,520.1884273991493,
838,1,0,obstacle_collision,,,356.99999999999966,630.093643833994,
839,1,0,boundary_collision,,,77.99999999999994,631.3327173527442,
840,1,0,boundary_collision,,,51.000000000000014,727.7320935619097,
841,1,0,boundary_collision,,,53.99999999999988,684.6407817242557,
842,1,0,boundary_collision,,,150.00000000000006,621.0764848229242,
843,0,1,success,,,629.9999999999998,611.7728336564153,1.0297940106863608
844,1,0,obstacle_collision,,,323.99999999999994,650.6765709628709,
845,0,1,success,,,704.9999999999999,690.1224529023816,1.0215578366347149
846,1,0,obstacle_collision,,,213.0000000000001,550.3680586661984,
847,1,0,obstacle_collision,,,606.0000000000003,668.3621772661885,
848,1,0,obstacle_collision,,,522.0000000000001,621.7370826965366,
849,0,1,success,,,693.0000000000001,635.2086271454442,1.0909801447663956
850,0,1,success,,,626.9999999999999,624.7887643035845,1.0035391732738346
851,1,0,boundary_collision,,,54.00000000000019,609.9213063994404,
852,0,1,success,,,1016.9999999999999,594.1658017759016,1.7116434452475884
853,1,0,obstacle_collision,,,212.9999999999999,579.1804554713497,
854,1,0,obstacle_collision,,,737.9999999999997,584.0898903422315,
855,0,1,success,,,533.9999999999993,541.7840898365325,0.9856324872166663
856,0,1,success,,,678.0,678.2219400756658,0.999672761875499
857,0,1,success,,,527.9999999999998,535.859123277751,0.9853336018062389
858,0,1,success,,,672.0000000000001,661.2541115184086,1.0162507700056733
859,0,1,success,,,636.0000000000002,627.5388434192739,1.0134830802418922
860,1,0,obstacle_collision,,,245.99999999999974,547.7526814174441,
861,0,1,success,,,555.0000000000003,577.5413405116554,0.960970169699566
862,0,1,success,,,639.0000000000003,603.431851993247,1.0589431066478594
863,1,0,boundary_collision,,,206.99999999999983,580.1810062385704,
864,1,0,obstacle_collision,,,137.99999999999994,536.4513025429242,
865,1,0,boundary_collision,,,807.0000000000002,682.1326850400881,
866,0,1,success,,,590.9999999999994,579.382429833698,1.0200516439023464
867,1,0,boundary_collision,,,68.99999999999999,628.0541377938689,
868,1,0,boundary_collision,,,906.0000000000005,670.0223876856653,
869,1,0,obstacle_collision,,,135.0000000000001,612.0073528970056,
870,0,1,success,,,764.9999999999999,668.674061108998,1.1440551450900385
871,1,0,boundary_collision,,,42.00000000000002,699.4118958096152,
872,1,0,obstacle_collision,,,327.0,628.2435833337257,
873,1,0,obstacle_collision,,,630.0,652.7978247512777,
874,1,0,boundary_collision,,,90.0,603.9875826538158,
875,1,0,boundary_collision,,,152.99999999999983,534.5745972266172,
876,0,1,success,,,638.9999999999993,640.0765579210037,0.9983180794427138
877,1,0,boundary_collision,,,158.99999999999994,570.1263017963652,
878,0,1,success,,,627.0000000000002,584.7811556471361,1.0721959727073345
879,1,0,boundary_collision,,,165.0,532.5044600752185,
880,0,1,success,,,564.0000000000005,571.7875479581555,0.9863803470607846
881,1,0,obstacle_collision,,,731.9999999999997,722.772439983706,
882,1,0,obstacle_collision,,,201.00000000000006,697.3234543595963,
883,1,0,obstacle_collision,,,249.00000000000023,582.2482288508915,
884,0,1,success,,,623.9999999999997,620.6335472724626,1.0054242197224623
885,0,1,success,,,600.0000000000002,580.7073273172984,1.0332227126732296
886,0,1,success,,,624.0000000000002,637.5460767662208,0.9787527878221298
887,0,1,success,,,611.9999999999998,630.012698284725,0.9714089917016487
888,1,0,boundary_collision,,,128.99999999999966,689.2641003272984,
889,1,0,obstacle_collision,,,369.0000000000002,646.703177663447,
890,0,1,success,,,654.0000000000006,634.1293243495368,1.0313353678618258
891,0,1,success,,,596.9999999999991,603.6820355120732,0.9889312003356103
892,1,0,boundary_collision,,,45.000000000000014,721.3910174101144,
893,0,1,success,,,675.0,679.6719797078588,0.9931261257675108
894,1,0,boundary_collision,,,912.0000000000003,718.7836948623695,
895,1,0,obstacle_collision,,,509.99999999999955,609.9213063994404,
896,0,1,success,,,672.0000000000007,646.7773960181354,1.0389973492226963
897,0,1,success,,,692.9999999999999,687.2554110372649,1.0083587395173284
898,0,1,success,,,633.0,649.0770370302743,0.9752309262027946
899,1,0,obstacle_collision,,,299.99999999999994,711.9838481314025,
900,0,1,success,,,570.0000000000002,571.1969887875811,0.9979044203469603
901,0,1,success,,,728.9999999999998,733.0552503051867,0.9944680154688221
902,1,0,boundary_collision,,,59.999999999999986,610.7970202939762,
903,1,0,obstacle_collision,,,320.9999999999999,664.0858378252017,
904,0,1,success,,,654.0000000000008,639.5318600351354,1.0226230167236243
905,1,0,obstacle_collision,,,231.00000000000017,633.8611835410021,
906,0,1,success,,,599.9999999999999,599.2061414905559,1.0013248504220422
907,1,0,obstacle_collision,,,203.99999999999983,595.4636848708744,
908,1,0,boundary_collision,,,72.00000000000011,546.6735771920937,
909,1,0,obstacle_collision,,,225.0000000000001,689.0,
910,1,0,boundary_collision,,,876.0000000000007,674.238088511766,
911,0,1,success,,,672.0000000000014,609.1190359855781,1.1032326364791398
912,1,0,boundary_collision,,,50.999999999999744,676.1804492885017,
913,0,1,success,,,660.0000000000003,655.8970955874099,1.0062554087221807
914,0,1,success,,,804.0000000000001,631.1449912658738,1.2738752760874086
915,0,1,success,,,630.0000000000006,633.4705991598979,0.9945212940198014
916,1,0,obstacle_collision,,,446.9999999999997,635.1826508965748,
917,0,1,success,,,650.9999999999983,673.7358532837628,0.966254054652204
918,0,1,success,,,600.0000000000005,587.9863944004147,1.0204317748063478
919,1,0,obstacle_collision,,,644.9999999999998,647.9290084569451,
920,0,1,success,,,614.9999999999995,637.2268042071049,0.9651194769894182
921,1,0,obstacle_collision,,,513.0,550.4398241406593,
922,0,1,success,,,665.9999999999997,620.4933520997627,1.0733394608439262
923,1,0,obstacle_collision,,,743.9999999999999,574.3840178835062,
924,0,1,success,,,648.0000000000001,568.0431321651553,1.1407584447506318
925,0,1,success,,,792.0000000000001,594.6225693664848,1.3319373343729666
926,1,0,boundary_collision,,,767.9999999999999,628.3764795089007,
927,0,1,success,,,642.0000000000008,633.8532953294476,1.0128526659569055
928,0,1,success,,,521.9999999999998,539.033394141773,0.9684001133753631
929,0,1,success,,,618.000000000001,556.2490449430003,1.1110131435161896
930,0,1,success,,,974.9999999999999,586.4887040685438,1.6624361104251553
931,0,1,success,,,716.9999999999995,666.5320697460851,1.075717182330237
932,1,0,obstacle_collision,,,687.0000000000006,685.7186011768968,
933,0,1,success,,,696.0,687.245225519974,1.0127389382347503
934,0,1,success,,,531.0000000000013,539.0231905957294,0.98511531463635
935,0,1,success,,,599.9999999999998,594.7049688711202,1.0089036268503535
936,0,1,success,,,888.0000000000001,617.571048544214,1.4378912387380562
937,0,1,success,,,551.9999999999998,558.8139225180417,0.9878064553450313
938,0,1,success,,,647.9999999999998,617.3629402547581,1.0496256865250109
939,1,0,boundary_collision,,,159.00000000000003,535.680875148628,
940,0,1,success,,,668.9999999999997,668.9005905214915,1.0001486162217776
941,0,1,success,,,698.9999999999997,692.9834052847153,1.0086821627608995
942,0,1,success,,,627.0,597.0209376562935,1.0502144237376236
943,0,1,success,,,641.999999999999,637.0816274230485,1.0077201607537247
944,0,1,success,,,696.0000000000009,710.4843418401281,0.979613425677175
945,1,0,boundary_collision,,,161.99999999999997,518.9238865190155,
946,1,0,boundary_collision,,,875.9999999999992,706.5762520775801,
947,1,0,obstacle_collision,,,315.0,639.1822901176158,
948,1,0,obstacle_collision,,,143.9999999999999,662.487735735538,
949,1,0,obstacle_collision,,,141.0000000000001,658.7268022480944,
950,0,1,success,,,783.0000000000002,754.5767025293055,1.0376678704436821
951,1,0,obstacle_collision,,,147.00000000000003,663.243545011936,
952,0,1,success,,,918.0,628.1942374775496,1.4613314564713873
953,1,0,boundary_collision,,,105.00000000000021,646.6506011750085,
954,1,0,boundary_collision,,,86.99999999999993,697.9434074479105,
955,0,1,success,,,644.9999999999995,662.145754347183,0.9741057701652295
956,0,1,success,,,591.0000000000002,597.4286568285789,0.9892394568705409
957,1,0,boundary_collision,,,1032.0,651.2426583079459,
958,1,0,obstacle_collision,,,696.0000000000001,744.9543610181768,
959,1,0,boundary_collision,,,105.00000000000004,638.9280084641774,
960,0,1,success,,,839.9999999999999,701.679413977637,1.1971278952566953
961,1,0,obstacle_collision,,,579.0000000000001,598.4321181220139,
962,0,1,success,,,762.0,615.2479175096817,1.2385251185966168
963,1,0,obstacle_collision,,,357.00000000000085,594.0521862597595,
964,1,0,boundary_collision,,,1124.9999999999998,600.4406715071856,
965,1,0,obstacle_collision,,,255.00000000000003,672.991084636342,
966,1,0,obstacle_collision,,,509.9999999999985,593.4854673873658,
967,1,0,obstacle_collision,,,419.99999999999943,673.0898899849856,
968,0,1,success,,,663.0000000000003,645.8792456798717,1.02650767064377
969,0,1,success,,,567.0000000000002,563.6452785218731,1.0059518310646098
970,0,1,success,,,539.9999999999997,550.8484365049973,0.9803059502649615
971,1,0,obstacle_collision,,,641.9999999999999,632.1676992697428,
972,1,0,obstacle_collision,,,233.99999999999977,548.687524917416,
973,0,1,success,,,588.0000000000002,573.5895745217132,1.0251232346583412
974,1,0,boundary_collision,,,62.99999999999977,651.3716297168614,
975,1,0,obstacle_collision,,,572.999999999999,606.0132011763441,
976,0,1,success,,,603.0000000000001,605.6145638935708,0.9956827922420469
977,0,1,success,,,603.0,592.0076013025508,1.0185680026291275
978,0,1,success,,,827.9999999999998,612.1339722642422,1.352645070387588
979,0,1,success,,,560.9999999999994,560.5140497793075,1.0008669724173431
980,1,0,boundary_collision,,,78.00000000000004,625.2503498599581,
981,1,0,boundary_collision,,,71.99999999999999,656.210332134446,
982,1,0,boundary_collision,,,108.00000000000004,607.0403610963607,
983,0,1,success,,,576.0000000000002,540.2684517904039,1.0661366550113838
984,1,0,boundary_collision,,,41.999999999999986,695.9748558676528,
985,0,1,success,,,620.9999999999998,625.8729903103344,0.9922140907408092
986,1,0,obstacle_collision,,,437.99999999999994,559.2468149216409,
987,0,1,success,,,578.9999999999995,596.0914359391519,0.9713274928833283
988,0,1,success,,,705.0000000000001,666.196667659033,1.0582460618983869
989,0,1,success,,,797.9999999999999,631.3113336540063,1.264035599331325
990,1,0,obstacle_collision,,,62.99999999999994,578.013840664737,
991,1,0,obstacle_collision,,,912.0000000000001,585.7311670041129,
992,0,1,success,,,573.0000000000009,561.5140247580642,1.0204553666257679
993,0,1,success,,,573.0000000000003,570.0885896069136,1.0051069438086706
994,0,1,success,,,737.9999999999998,663.0935077347689,1.112965202330397
995,0,1,success,,,807.0,639.4067562983676,1.2621074019797003
996,0,1,success,,,512.9999999999989,526.1150064387064,0.9750719780310326
997,1,0,boundary_collision,,,120.00000000000001,641.312716231325,
998,1,0,obstacle_collision,,,864.0,757.2430257189563,
999,0,1,success,,,837.0,605.4857554063514,1.3823611745222242
1000,1,0,obstacle_collision,,,642.0,635.3022902524435,
1001,0,1,success,,,615.0000000000005,551.9755429364602,1.1141797999386998
1002,1,0,boundary_collision,,,69.0,683.8143022780381,
1003,0,1,success,,,717.0000000000002,723.3871715754987,0.9911704660706279
1004,1,0,obstacle_collision,,,101.99999999999986,698.8905493709298,
1005,1,0,obstacle_collision,,,489.00000000000006,650.0038461424671,
1006,0,1,success,,,803.9999999999995,575.2816701408102,1.39757625130522
1007,1,0,boundary_collision,,,114.0000000000001,601.163039449366,
1008,0,1,success,,,930.0,776.5474872794323,1.197608665579713
1009,1,0,boundary_collision,,,83.99999999999987,562.6099892465472,
1010,0,1,success,,,651.0000000000001,583.5974640109397,1.1154949089836979
1011,0,1,success,,,612.0000000000003,628.2117477411578,0.9741938163374857
1012,0,1,success,,,669.0,610.1606345873191,1.0964325819748708
1013,0,1,success,,,918.0000000000002,651.9946318797417,1.4079870525211966
1014,1,0,obstacle_collision,,,150.00000000000023,665.4058911671883,
1015,0,1,success,,,648.0000000000007,646.8423300928906,1.001789725027649
1016,1,0,boundary_collision,,,75.0,645.0310070066399,
1017,0,1,success,,,632.9999999999994,628.6572993292928,1.006907898270393
1018,0,1,success,,,1161.0,694.3435748964629,1.6720828736308573
1019,0,1,success,,,582.0000000000003,600.7204008521768,0.9688367486344398
1020,1,0,obstacle_collision,,,461.9999999999999,601.705908230923,
1021,0,1,success,,,830.9999999999998,751.3487871820917,1.1060109687760824
1022,0,1,success,,,635.9999999999997,634.0354879657763,1.0030984259895708
1023,1,0,obstacle_collision,,,704.9999999999995,717.2307857307856,
1024,0,1,success,,,762.0,636.8335732355824,1.1965449562096422
1025,0,1,success,,,719.9999999999999,692.1690544946372,1.040208306517954
1026,0,1,success,,,941.9999999999999,735.070064687714,1.2815104916565985
1027,1,0,obstacle_collision,,,603.0,543.5310478712324,
1028,0,1,success,,,755.9999999999997,523.0066921177969,1.4454881962193433
1029,1,0,obstacle_collision,,,144.00000000000009,593.6707841893518,
1030,1,0,obstacle_collision,,,668.9999999999989,679.0184091760694,
1031,1,0,obstacle_collision,,,414.0000000000003,598.3853273602219,
1032,0,1,success,,,572.9999999999994,570.312195205398,1.0047128657202105
1033,0,1,success,,,597.0000000000002,606.8690138736695,0.9837378187911178
1034,0,1,success,,,573.0000000000002,591.8994847100308,0.9680697733344211
1035,0,1,success,,,662.9999999999997,645.6291505190886,1.0269053054171189
1036,0,1,success,,,698.9999999999999,674.923699391272,1.035672625854512
1037,1,0,obstacle_collision,,,545.9999999999999,601.7989697565126,
1038,0,1,success,,,669.0000000000007,652.1732898547747,1.025800980210295
1039,0,1,success,,,587.9999999999999,594.0412443593458,0.9898302610858928
1040,1,0,obstacle_collision,,,284.99999999999983,605.7169305872175,
1041,0,1,success,,,648.0000000000008,622.8009312774026,1.040460871936902
1042,0,1,success,,,887.9999999999998,610.0,1.4557377049180324
1043,0,1,success,,,507.00000000000006,530.5101318542371,0.9556839154568745
1044,0,1,success,,,810.0000000000005,671.2436219436279,1.2067153765343719
1045,0,1,success,,,828.0000000000001,777.1853060885801,1.0653829833288542
1046,0,1,success,,,647.9999999999998,662.117814289874,0.9786777911948863
1047,0,1,success,,,519.0000000000007,534.0271528677171,0.9718606951219225
1048,1,0,obstacle_collision,,,59.99999999999995,688.4431712203993,
1049,0,1,success,,,596.9999999999991,619.358539135451,0.9639004910359972
1050,1,0,boundary_collision,,,111.00000000000003,575.0139128751582,
1051,0,1,success,,,563.9999999999994,540.2369850352713,1.0439862793976917
1052,1,0,obstacle_collision,,,777.0000000000005,640.7503413967097,
1053,0,1,success,,,825.0000000000002,622.3889459172616,1.3255376809177346
1054,0,1,success,,,575.9999999999997,586.1467393068053,0.9826890800095459
1055,1,0,obstacle_collision,,,383.99999999999994,683.6965701244961,
1056,1,0,obstacle_collision,,,141.00000000000006,742.1590126111789,
1057,0,1,success,,,869.9999999999999,660.3279488254302,1.317527149271097
1058,0,1,success,,,720.0000000000001,592.8212209427055,1.2145314212184488
1059,0,1,success,,,989.9999999999999,628.2117477411578,1.5759017617224023
1060,1,0,obstacle_collision,,,291.0,689.1574566091555,
1061,0,1,success,,,687.0000000000001,655.2686471974681,1.048424952022723
1062,1,0,boundary_collision,,,875.9999999999994,623.9294831950162,
1063,0,1,success,,,593.9999999999998,568.5886034735483,1.044692060957978
1064,1,0,obstacle_collision,,,384.00000000000034,571.8531279970408,
1065,1,0,obstacle_collision,,,186.0,694.2946060571118,
1066,1,0,obstacle_collision,,,254.99999999999986,584.4527354713981,
1067,1,0,obstacle_collision,,,863.9999999999999,705.844883809467,
1068,0,1,success,,,612.0000000000002,618.8521632829605,0.9889276249005737
1069,1,0,obstacle_collision,,,383.99999999999983,531.8646444350292,
1070,1,0,obstacle_collision,,,357.00000000000006,562.611766673965,
1071,1,0,obstacle_collision,,,324.0,632.1811449260409,
1072,0,1,success,,,645.0000000000001,650.196893256189,0.9920072007262865
1073,0,1,success,,,644.9999999999998,660.623947492066,0.9763497106767328
1074,0,1,success,,,620.9999999999998,612.3152782676584,1.014183415048718
1075,0,1,success,,,795.0,586.9310010554904,1.3545033378205187
1076,1,0,obstacle_collision,,,530.9999999999997,538.8033036275854,
1077,0,1,success,,,642.0,605.3445299992394,1.060553070498228
1078,0,1,success,,,732.0000000000002,671.7439988567073,1.08970084026928
1079,0,1,success,,,656.9999999999991,637.9106520508966,1.0299247988534599
1080,0,1,success,,,708.0000000000002,678.0538326711236,1.044164881733515
1081,0,1,success,,,633.0,643.9604025093469,0.9829796949212452
1082,1,0,obstacle_collision,,,150.0000000000001,603.1865383113254,
1083,0,1,success,,,870.0,590.7427528120849,1.4727222566143725
1084,1,0,obstacle_collision,,,240.00000000000017,678.8851154650542,
1085,1,0,obstacle_collision,,,228.00000000000014,598.0710660113897,
1086,0,1,success,,,1037.9999999999986,693.1067738811964,1.4976047545856468
1087,1,0,obstacle_collision,,,486.00000000000006,588.8242522179262,
1088,0,1,success,,,593.9999999999999,594.7570932742207,0.9987270546534336
1089,0,1,success,,,734.9999999999994,618.1909090240651,1.1889531037593875
1090,1,0,obstacle_collision,,,119.99999999999996,615.939120368239,
1091,1,0,obstacle_collision,,,543.0000000000009,545.0660510433574,
1092,0,1,success,,,642.0,603.0091209923777,1.0646605128351203
1093,1,0,obstacle_collision,,,279.0000000000001,662.6892182614713,
1094,0,1,success,,,708.0,579.5118635541468,1.2217178707228449
1095,0,1,success,,,860.9999999999995,644.8015198493255,1.3352946193445612
1096,0,1,success,,,728.9999999999999,736.6627450876011,0.9895980282175257
1097,0,1,success,,,660.0,629.1557835703333,1.0490247681657348
1098,0,1,success,,,624.0000000000001,569.1581502535125,1.0963560826144019
1099,0,1,success,,,611.9999999999997,599.0542546380921,1.0216103053465977
1100,1,0,obstacle_collision,,,68.99999999999999,596.4109321600334,
1101,0,1,success,,,609.0000000000007,621.8681532286406,0.979307264471045
1102,0,1,success,,,632.9999999999993,632.0838551964447,1.0014494038979527
1103,0,1,success,,,677.9999999999999,690.4208861267161,0.9820096894860788
1104,0,1,success,,,530.9999999999995,541.1922024567612,0.9811671298838125
1105,0,1,success,,,684.0000000000003,684.2952579113785,0.9995685226399503
1106,0,1,success,,,681.0000000000009,573.8928471413457,1.1866326673910879
1107,1,0,obstacle_collision,,,498.00000000000006,620.95813063362,
1108,1,0,obstacle_collision,,,285.00000000000034,613.365307137598,
1109,0,1,success,,,717.0,626.1988502065458,1.1450036993257082
1110,0,1,success,,,513.0000000000005,525.449331524934,0.9763072654621071
1111,1,0,obstacle_collision,,,593.9999999999998,607.216600563588,
1112,1,0,obstacle_collision,,,108.00000000000006,604.0695324215583,
1113,1,0,obstacle_collision,,,212.99999999999991,687.0254725990878,
1114,0,1,success,,,620.9999999999995,586.0691085529078,1.0596020007492655
1115,0,1,success,,,629.9999999999997,535.8245981662283,1.175757891959554
1116,1,0,obstacle_collision,,,386.99999999999994,616.2345332744669,
1117,1,0,obstacle_collision,,,372.0000000000001,667.0367306228346,
1118,1,0,obstacle_collision,,,450.0000000000005,551.1306560154316,
1119,0,1,success,,,708.0000000000001,665.7642225292675,1.0634395421704654
1120,1,0,obstacle_collision,,,507.00000000000085,580.086200490927,
1121,0,1,success,,,663.0000000000003,679.935291038787,0.9750927900610757
1122,0,1,success,,,1500.0,658.027355054484,2.2795404909508687
1123,1,0,boundary_collision,,,53.99999999999998,680.3249223716562,
1124,1,0,obstacle_collision,,,432.00000000000006,639.2534708548715,
1125,1,0,boundary_collision,,,54.00000000000003,682.1121608650589,
1126,0,1,success,,,618.0,631.5607650891559,0.9785281704647351
1127,0,1,success,,,741.0000000000002,746.8928972751046,0.9921101173988889
1128,1,0,obstacle_collision,,,627.0000000000003,720.017360901805,
1129,0,1,success,,,699.0000000000002,643.3265111900799,1.08654001947927
1130,0,1,success,,,650.9999999999999,589.2452799980667,1.104803079631178
1131,0,1,success,,,816.0000000000003,648.7010097109453,1.2578984582798811
1132,0,1,success,,,644.9999999999997,593.1551230496117,1.0874052586511196
1133,1,0,obstacle_collision,,,287.9999999999997,675.8653712093852,
1134,1,0,obstacle_collision,,,347.9999999999995,586.9829639776609,
1135,0,1,success,,,662.9999999999999,639.3598360860651,1.0369747403256537
1136,1,0,obstacle_collision,,,399.0000000000003,691.3877349215851,
1137,0,1,success,,,624.0,629.8015560476173,0.9907882792731959
1138,0,1,success,,,563.9999999999997,579.827560572969,0.9727029868029574
1139,0,1,success,,,698.9999999999998,700.737468671399,0.9975205141025304
1140,1,0,boundary_collision,,,89.99999999999999,663.5759187915125,
1141,1,0,obstacle_collision,,,401.9999999999999,657.9825225642395,
1142,0,1,success,,,1023.0000000000003,598.652653882032,1.7088373255613905
1143,1,0,obstacle_collision,,,377.99999999999983,604.6354273444454,
1144,1,0,boundary_collision,,,906.0000000000006,683.8603658642603,
1145,0,1,success,,,801.0,644.8728556855219,1.2421053126022952
1146,1,0,obstacle_collision,,,194.99999999999994,599.0125207372547,
1147,0,1,success,,,666.000000000001,677.0206791524171,0.9837217983264364
1148,1,0,obstacle_collision,,,264.0,626.5979572261626,
1149,0,1,success,,,618.0000000000001,533.9709729938511,1.1573662825434459
1150,0,1,success,,,905.9999999999999,581.2271500885003,1.5587709553176383
1151,0,1,success,,,921.0000000000001,660.9281352764459,1.3934949215239174
1152,0,1,success,,,678.0000000000001,616.5095295289441,1.0997396918066116
1153,0,1,success,,,654.0000000000001,655.8544045746738,0.9971725362188025
1154,1,0,obstacle_collision,,,251.9999999999999,610.3523572494826,
1155,1,0,obstacle_collision,,,318.00000000000006,759.4445338535264,
1156,1,0,obstacle_collision,,,134.99999999999994,616.0470761232457,
1157,0,1,success,,,1086.0000000000002,594.821822061027,1.8257568228365701
1158,1,0,obstacle_collision,,,189.00000000000006,613.6595147147968,
1159,1,0,boundary_collision,,,84.0,664.9669164702858,
1160,0,1,success,,,686.9999999999992,642.0288155526978,1.07004542998368
1161,0,1,success,,,612.0000000000001,605.0859443087403,1.0114265680045809
1162,0,1,success,,,1022.9999999999997,592.824594631498,1.7256369072135076
1163,0,1,success,,,666.0,632.6784333292861,1.0526674609333035
1164,1,0,obstacle_collision,,,171.0,596.9396954467009,
1165,1,0,obstacle_collision,,,791.9999999999998,655.6889506465699,
1166,1,0,obstacle_collision,,,129.00000000000003,545.1495207738882,
1167,0,1,success,,,684.0000000000002,620.0967666421104,1.1030536471008108
1168,1,0,boundary_collision,,,615.0000000000008,612.1601097752123,
1169,0,1,success,,,546.0,544.2655601817921,1.003186752837399
1170,1,0,obstacle_collision,,,395.9999999999993,680.6944982883291,
1171,1,0,obstacle_collision,,,344.9999999999998,773.3104163271047,
1172,0,1,success,,,818.9999999999997,613.9421796879573,1.3340018443044022
1173,1,0,obstacle_collision,,,254.9999999999995,626.1389622120636,
1174,0,1,success,,,729.0000000000003,662.564713820469,1.1002698827657955
1175,0,1,success,,,632.9999999999999,605.6880385148777,1.0450924564270578
1176,1,0,obstacle_collision,,,300.00000000000006,664.6389997585155,
1177,1,0,obstacle_collision,,,231.00000000000009,581.8083877016556,
1178,1,0,boundary_collision,,,51.00000000000005,726.8080902136409,
1179,1,0,obstacle_collision,,,228.00000000000006,607.595260021011,
1180,0,1,success,,,798.0000000000001,667.3125204879644,1.195841491804278
1181,1,0,obstacle_collision,,,231.00000000000006,563.3373767113274,
1182,0,1,success,,,750.0000000000003,642.3589339302443,1.1675715248656369
1183,0,1,success,,,840.0000000000006,679.6212180325156,1.2359825998837664
1184,1,0,boundary_collision,,,47.9999999999998,747.7974324641667,
1185,1,0,boundary_collision,,,53.999999999999986,673.1990790249197,
1186,1,0,obstacle_collision,,,525.0000000000005,722.5240480426932,
1187,1,0,obstacle_collision,,,285.00000000000017,568.4012667121705,
1188,0,1,success,,,657.0,630.2515370865826,1.0424409324522483
1189,0,1,success,,,852.0000000000003,686.0962031668737,1.2418083587510762
1190,0,1,success,,,737.9999999999998,693.2027120547062,1.064623647839621
1191,1,0,obstacle_collision,,,329.99999999999966,671.2830997425751,
1192,1,0,boundary_collision,,,105.00000000000003,562.8001421463929,
1193,0,1,success,,,626.9999999999995,631.0071314969427,0.9936496256588463
1194,1,0,obstacle_collision,,,1032.0000000000002,617.7782773778955,
1195,1,0,obstacle_collision,,,375.0,647.5677570725708,
1196,1,0,obstacle_collision,,,668.9999999999997,612.2589321520757,
1197,0,1,success,,,758.9999999999997,759.7525913085127,0.999009425808977
1198,0,1,success,,,707.9999999999999,704.665168714901,1.0047325047883104
1199,0,1,success,,,626.9999999999999,604.0149004784568,1.0380538617562844
1200,0,1,success,,,720.0000000000005,652.5825618264711,1.1033086725223535
1201,0,1,success,,,836.9999999999997,618.9151799721833,1.3523662483728676
1202,0,1,success,,,611.9999999999991,619.6620046444674,0.9876351872681554
1203,0,1,success,,,591.0000000000002,547.4056996415,1.079638009591516
1204,1,0,obstacle_collision,,,260.9999999999999,618.0428787713681,
1205,0,1,success,,,582.0000000000008,562.4464418946927,1.0347651912232545
1206,1,0,boundary_collision,,,537.0000000000002,609.1387362497971,
1207,0,1,success,,,549.0000000000001,553.8754372600396,0.9911975925775699
1208,1,0,obstacle_collision,,,759.0,615.5558463697669,
1209,1,0,obstacle_collision,,,129.00000000000009,561.8941181397079,
1210,1,0,obstacle_collision,,,836.9999999999997,714.6747511980537,
1211,1,0,obstacle_collision,,,213.0000000000001,651.6939465730827,
1212,1,0,obstacle_collision,,,285.0000000000002,583.624879524511,
1213,0,1,success,,,630.0000000000003,628.1719509815764,1.0029101092711437
1214,0,1,success,,,698.9999999999995,616.2994402074369,1.134188925702621
1215,0,1,success,,,909.0000000000001,633.5297940902227,1.4348180756129474
1216,1,0,obstacle_collision,,,410.99999999999926,666.397028804901,
1217,0,1,success,,,750.0000000000001,684.7262226612911,1.0953282862236715
1218,0,1,success,,,660.0000000000001,593.9427581846587,1.1112181955332536
1219,0,1,success,,,792.0,665.0067668828641,1.1909653246272978
1220,1,0,obstacle_collision,,,350.9999999999998,545.2971666898701,
1221,1,0,boundary_collision,,,854.9999999999995,682.4551267299557,
1222,0,1,success,,,662.9999999999995,619.0258476025052,1.0710376675995141
1223,0,1,success,,,728.9999999999999,626.6426413834283,1.1633424728176796
1224,0,1,success,,,611.9999999999995,608.3568032002272,1.0059885856139152
1225,0,1,success,,,623.9999999999995,595.1310779987884,1.0485085102567435
1226,1,0,obstacle_collision,,,735.0,618.8586268284542,
1227,0,1,success,,,774.0,551.457160620841,1.4035541747769056
1228,1,0,obstacle_collision,,,621.0000000000009,530.6533708552128,
1229,0,1,success,,,663.0000000000002,669.3056103156465,0.9905788772446229
1230,0,1,success,,,830.9999999999993,656.6010965571105,1.2656086082666476
1231,1,0,obstacle_collision,,,536.999999999999,652.3020772617546,
1232,1,0,obstacle_collision,,,608.9999999999994,612.4646928599232,
1233,1,0,obstacle_collision,,,231.00000000000014,702.3595945098209,
1234,0,1,success,,,723.0,666.3887754156729,1.0849522481062421
1235,0,1,success,,,629.9999999999995,581.3957344184768,1.0835992813571942
1236,0,1,success,,,878.9999999999999,692.7409328168792,1.2688726165288646
1237,0,1,success,,,720.0,622.1422666882552,1.1572915690693293
1238,0,1,success,,,657.0,626.2299897002698,1.0491353189815416
1239,1,0,obstacle_collision,,,333.00000000000006,636.0070754323414,
1240,0,1,success,,,666.0000000000015,667.2810502329585,0.9980801938965451
1241,0,1,success,,,671.9999999999998,663.7017402418047,1.0125029953291547
1242,0,1,success,,,663.000000000001,669.4968259820206,0.9902959570084743
1243,1,0,obstacle_collision,,,488.9999999999997,640.0281243820461,
1244,0,1,success,,,654.0,665.375082190489,0.9829042558175743
1245,1,0,boundary_collision,,,900.0000000000015,616.6117092628067,
1246,1,0,obstacle_collision,,,521.9999999999992,721.6321777747996,
1247,1,0,obstacle_collision,,,651.0,617.2139013340513,
1248,1,0,obstacle_collision,,,447.0,658.7700661080465,
1249,0,1,success,,,737.9999999999999,629.092203099037,1.1731189742369414
1250,0,1,success,,,768.0,664.4456335923956,1.1558507741976223
1251,0,1,success,,,551.9999999999999,561.6262102145874,0.9828601122249805
1252,0,1,success,,,573.0000000000002,565.7296173968621,1.012851338129674
1253,0,1,success,,,686.9999999999999,695.8448102845921,0.9872891050506294
1254,0,1,success,,,756.0000000000005,632.8356816741609,1.1946229043217182
1255,1,0,obstacle_collision,,,144.0,537.4504628335527,
1256,1,0,obstacle_collision,,,246.00000000000006,593.5360140715978,
1257,1,0,obstacle_collision,,,336.00000000000017,545.6418239101545,
1258,0,1,success,,,689.9999999999999,650.2837842050192,1.0610752055635746
1259,1,0,obstacle_collision,,,428.9999999999998,713.1185034761053,
1260,1,0,obstacle_collision,,,329.99999999999983,654.4646667315203,
1261,1,0,boundary_collision,,,66.00000000000006,653.0735027544756,
1262,0,1,success,,,839.9999999999999,762.9973787635184,1.100921213335318
1263,1,0,obstacle_collision,,,158.99999999999986,644.931779337939,
1264,0,1,success,,,657.0,668.2162823517548,0.9832145928676272
1265,1,0,obstacle_collision,,,651.0000000000005,558.627783054155,
1266,0,1,success,,,803.9999999999999,684.7612722693947,1.1741318216426455
1267,1,0,obstacle_collision,,,698.9999999999997,724.5094892408242,
1268,0,1,success,,,662.9999999999999,677.5285971824363,0.978556481242482
1269,0,1,success,,,863.9999999999992,680.0838183635897,1.270431638969071
1270,0,1,success,,,801.0000000000003,675.8942224934312,1.1850966813195165
1271,0,1,success,,,794.9999999999998,667.4885766812793,1.1910316187772099
1272,1,0,obstacle_collision,,,392.9999999999999,629.2352501251023,
1273,0,1,success,,,788.9999999999997,634.0386423554955,1.2444036487568209
1274,0,1,success,,,606.0000000000007,622.3672549226864,0.9737016130054611
1275,1,0,obstacle_collision,,,363.00000000000006,601.705908230923,
1276,0,1,success,,,665.9999999999992,620.1653005449434,1.0739072299188306
1277,0,1,success,,,684.0000000000006,664.301136533726,1.0296535146229944
1278,1,0,obstacle_collision,,,518.9999999999995,628.1791145843675,
1279,0,1,success,,,663.0000000000001,640.2905590433144,1.0354673993485346
1280,0,1,success,,,590.9999999999999,603.7234466210501,0.9789250414369999
1281,1,0,obstacle_collision,,,672.0000000000001,666.442795744691,
1282,1,0,obstacle_collision,,,686.9999999999994,580.1137819428185,
1283,0,1,success,,,654.0000000000001,620.4143776541611,1.0541341779873463
1284,0,1,success,,,665.9999999999995,670.0044775969784,0.99402320770849
1285,0,1,success,,,629.9999999999998,644.2864269872523,0.9778259693378032
1286,0,1,success,,,522.0000000000003,539.9675916200897,0.9667246851497506
1287,0,1,success,,,632.9999999999999,638.0634764660958,0.9920643060559744
1288,0,1,success,,,639.0000000000005,642.8763489194481,0.9939703040468622
1289,1,0,obstacle_collision,,,429.00000000000006,692.0997037999655,
1290,0,1,success,,,593.9999999999995,600.7703388150917,0.9887305707727758
1291,0,1,success,,,669.0000000000003,679.94485070482,0.9839033258455087
1292,0,1,success,,,945.0,556.9245909456683,1.6968185915356555
1293,0,1,success,,,633.0000000000001,539.3811268481685,1.173567202284007
1294,1,0,obstacle_collision,,,660.0000000000002,686.9184813353037,
1295,0,1,success,,,558.0000000000002,575.128681253161,0.9702176542198545
1296,0,1,success,,,764.9999999999991,698.4339625190058,1.095307560991039
1297,0,1,success,,,600.0000000000003,621.3952043587076,0.9655690867766069
1298,1,0,obstacle_collision,,,368.99999999999983,618.7479292894644,
1299,0,1,success,,,642.0000000000005,638.5052858042759,1.0054732737119356
1300,0,1,success,,,557.9999999999995,535.7172761821295,1.0415941856060182
1301,1,0,obstacle_collision,,,224.9999999999998,614.5242061953296,
1302,1,0,obstacle_collision,,,297.0000000000004,575.633563997097,
1303,0,1,success,,,800.9999999999997,683.593446428504,1.1717490917809363
1304,0,1,success,,,756.0,661.6471869508704,1.1426029081812383
1305,1,0,obstacle_collision,,,1241.9999999999998,662.0611754211237,
1306,0,1,success,,,675.0000000000016,613.0587247564462,1.1010364468235294
1307,0,1,success,,,696.0,618.8020685162583,1.1247538355339441
1308,0,1,success,,,678.0000000000006,672.7867418432085,1.0077487528106002
1309,0,1,success,,,615.0000000000002,577.3127402023968,1.0652804921374002
1310,0,1,success,,,687.0,684.7225715572695,1.0033260601261484
1311,0,1,success,,,612.0000000000003,583.8236034968096,1.0482618317149706
1312,0,1,success,,,705.0,651.7177303096794,1.0817566673611938
1313,0,1,success,,,653.9999999999997,665.8122858584092,0.9822588346455934
1314,0,1,success,,,632.9999999999998,535.0756955796068,1.1830101894542586
1315,0,1,success,,,651.0000000000001,604.6651966171031,1.0766288578243375
1316,1,0,obstacle_collision,,,659.9999999999992,686.4226103502127,
1317,1,0,obstacle_collision,,,111.00000000000009,568.7398350739994,
1318,1,0,obstacle_collision,,,345.00000000000006,593.0303533546997,
1319,0,1,success,,,548.9999999999998,562.9369414064065,0.9752424465667726
1320,1,0,obstacle_collision,,,141.00000000000006,619.6394112707809,
1321,0,1,success,,,627.0000000000007,596.8056635120012,1.050593247239505
1322,0,1,success,,,618.0000000000001,607.1186045576268,1.0179230143182683
1323,1,0,obstacle_collision,,,593.9999999999999,718.7836948623695,
1324,0,1,success,,,548.9999999999998,569.4067087767759,0.9641614535581875
1325,0,1,success,,,729.0000000000006,623.1476550545625,1.1698671961401663
1326,0,1,success,,,558.0000000000002,542.8001473839151,1.0280026685500039
1327,1,0,obstacle_collision,,,212.99999999999994,637.0282568301033,
1328,1,0,boundary_collision,,,47.99999999999991,575.6127170242158,
1329,0,1,success,,,699.0,718.7996939342698,0.972454504222312
1330,1,0,obstacle_collision,,,267.0000000000001,731.6310545623388,
1331,0,1,success,,,689.9999999999995,708.074854799971,0.9744732429383083
1332,1,0,obstacle_collision,,,411.0000000000001,667.2705598181295,
1333,0,1,success,,,684.0000000000002,574.105391021544,1.1914188765636102
1334,0,1,success,,,669.0000000000005,576.5344742511066,1.1603816074814997
1335,1,0,obstacle_collision,,,248.9999999999998,637.2166036757046,
1336,1,0,obstacle_collision,,,167.99999999999994,638.2891194435324,
1337,1,0,obstacle_collision,,,284.99999999999994,615.0203248673981,
1338,1,0,obstacle_collision,,,137.99999999999994,641.9197769192035,
1339,1,0,obstacle_collision,,,203.99999999999977,668.6777998408501,
1340,0,1,success,,,669.0,633.3308771882198,1.0563198860130416
1341,0,1,success,,,647.9999999999997,658.8914933431756,0.9834699742625099
1342,1,0,obstacle_collision,,,143.9999999999999,540.8077292347068,
1343,1,0,obstacle_collision,,,645.0,579.7766811454217,
1344,0,1,success,,,659.9999999999995,567.3253035076084,1.1633537159710845
1345,0,1,success,,,642.0000000000001,646.0789425449494,0.9936866189619459
1346,0,1,success,,,693.0000000000005,617.8745827431325,1.1215868387453958
1347,1,0,obstacle_collision,,,615.0000000000001,642.1230411689024,
1348,0,1,success,,,669.0000000000002,641.2745122020679,1.043234975459614
1349,0,1,success,,,566.9999999999993,586.655776414074,0.966495213710806
1350,1,0,obstacle_collision,,,234.00000000000003,606.6597069197854,
1351,1,0,obstacle_collision,,,101.99999999999986,610.7118796945086,
1352,0,1,success,,,630.0000000000006,630.0872955392769,0.9998614548493608
1353,1,0,obstacle_collision,,,116.99999999999993,731.1976476986233,
1354,0,1,success,,,552.0000000000001,552.4499977373517,0.999185450739081
1355,0,1,success,,,683.9999999999997,676.2381237404469,1.0114780222928277
1356,0,1,success,,,600.0000000000002,581.936422644261,1.0310404653375365
1357,1,0,obstacle_collision,,,401.99999999999943,664.8383262117189,
1358,0,1,success,,,615.0000000000006,626.9968101992226,0.9808662340795479
1359,0,1,success,,,780.0,725.2985592154447,1.0754192050839393
1360,0,1,success,,,599.9999999999985,605.3792199935508,0.9911142969300968
1361,0,1,success,,,605.9999999999997,616.3700187387443,0.9831756600362158
1362,0,1,success,,,687.0000000000002,662.0453156695545,1.037693317571786
1363,0,1,success,,,698.9999999999994,676.3290619217837,1.0335205735707946
1364,0,1,success,,,678.0,632.140016135666,1.072547193175146
1365,1,0,boundary_collision,,,114.00000000000006,545.0587124338075,
1366,0,1,success,,,690.0000000000001,669.463217809612,1.0306764907227934
1367,0,1,success,,,702.0,661.6373629111342,1.0610041683729505
1368,0,1,success,,,624.0000000000007,624.0392615853589,0.9999370847512727
1369,0,1,success,,,593.9999999999998,600.5206074732157,0.989141742361428
1370,1,0,obstacle_collision,,,179.99999999999997,683.2283659216733,
