generation,gen_best_score,gen_mean_score,global_best_score,sigma,best_params,validation_success_rate,validation_collision_rate,validation_obstacle_collision_rate,validation_boundary_collision_rate,validation_avg_return
1,479.9964599609375,-127.32135009765625,479.9964599609375,0.2,"[3.5317184925079346, -1.3667683601379395, 7.379048824310303, 6.485610485076904, -0.48673418164253235, 0.0812125876545906, 0.4209336042404175]",0.03333333333333333,0.9666666666666667,0.9666666666666667,0.0,-24.276667422076994
2,525.8910522460938,-12.85827350616455,525.8910522460938,0.196,"[1.565497875213623, 5.05158805847168, -0.46148258447647095, -0.45709723234176636, 0.4445479214191437, 0.26957741379737854, 0.9488712549209595]",,,,,
3,531.6726684570312,91.7027816772461,531.6726684570312,0.19208,"[1.4363322257995605, 1.405356526374817, 2.8526155948638916, -1.546890377998352, 0.27932143211364746, 0.10470567643642426, 0.8396192193031311]",,,,,
4,749.8529663085938,151.06272888183594,749.8529663085938,0.1882384,"[1.6350775957107544, 4.207432746887207, -0.18998950719833374, 0.12868112325668335, 0.1192706748843193, 0.06847558170557022, 0.777875542640686]",,,,,
5,701.3617553710938,163.6622772216797,749.8529663085938,0.184473632,"[1.6350775957107544, 4.207432746887207, -0.18998950719833374, 0.12868112325668335, 0.1192706748843193, 0.06847558170557022, 0.777875542640686]",0.3333333333333333,0.6666666666666666,0.6666666666666666,0.0,42.48288460292665
6,723.3927001953125,185.0758819580078,749.8529663085938,0.18078415936,"[1.6350775957107544, 4.207432746887207, -0.18998950719833374, 0.12868112325668335, 0.1192706748843193, 0.06847558170557022, 0.777875542640686]",,,,,
7,886.1780395507812,200.60675048828125,886.1780395507812,0.1771684761728,"[2.1516032218933105, 2.3676679134368896, 1.1934698820114136, 1.0454695224761963, 0.4915574789047241, 0.11524993181228638, 0.888588011264801]",,,,,
8,887.6019897460938,173.8543243408203,887.6019897460938,0.173625106649344,"[2.1516032218933105, 2.3676679134368896, 1.1934698820114136, 1.0454695224761963, 0.4915574789047241, 0.11524993181228638, 0.888588011264801]",,,,,
9,722.7437744140625,212.14730834960938,887.6019897460938,0.1701526045163571,"[2.1516032218933105, 2.3676679134368896, 1.1934698820114136, 1.0454695224761963, 0.4915574789047241, 0.11524993181228638, 0.888588011264801]",,,,,
10,522.3991088867188,222.4166717529297,887.6019897460938,0.16674955242602996,"[2.1516032218933105, 2.3676679134368896, 1.1934698820114136, 1.0454695224761963, 0.4915574789047241, 0.11524993181228638, 0.888588011264801]",0.3,0.7,0.6666666666666666,0.03333333333333333,29.597563591410474
11,740.409912109375,202.67941284179688,887.6019897460938,0.16341456137750934,"[2.1516032218933105, 2.3676679134368896, 1.1934698820114136, 1.0454695224761963, 0.4915574789047241, 0.11524993181228638, 0.888588011264801]",,,,,
12,721.828857421875,228.040283203125,887.6019897460938,0.16014627014995916,"[2.1516032218933105, 2.3676679134368896, 1.1934698820114136, 1.0454695224761963, 0.4915574789047241, 0.11524993181228638, 0.888588011264801]",,,,,
13,694.6984252929688,238.26705932617188,887.6019897460938,0.15694334474695998,"[2.1516032218933105, 2.3676679134368896, 1.1934698820114136, 1.0454695224761963, 0.4915574789047241, 0.11524993181228638, 0.888588011264801]",,,,,
14,719.1715087890625,227.78005981445312,887.6019897460938,0.15380447785202078,"[2.1516032218933105, 2.3676679134368896, 1.1934698820114136, 1.0454695224761963, 0.4915574789047241, 0.11524993181228638, 0.888588011264801]",,,,,
15,719.388916015625,245.63436889648438,887.6019897460938,0.15072838829498036,"[2.1516032218933105, 2.3676679134368896, 1.1934698820114136, 1.0454695224761963, 0.4915574789047241, 0.11524993181228638, 0.888588011264801]",0.16666666666666666,0.8333333333333334,0.7,0.13333333333333333,0.35380590737856443
16,734.5502319335938,240.7660675048828,887.6019897460938,0.14771382052908075,"[2.1516032218933105, 2.3676679134368896, 1.1934698820114136, 1.0454695224761963, 0.4915574789047241, 0.11524993181228638, 0.888588011264801]",,,,,
17,538.9049072265625,248.14950561523438,887.6019897460938,0.14475954411849912,"[2.1516032218933105, 2.3676679134368896, 1.1934698820114136, 1.0454695224761963, 0.4915574789047241, 0.11524993181228638, 0.888588011264801]",,,,,
18,875.935791015625,255.0001983642578,887.6019897460938,0.14186435323612914,"[2.1516032218933105, 2.3676679134368896, 1.1934698820114136, 1.0454695224761963, 0.4915574789047241, 0.11524993181228638, 0.888588011264801]",,,,,
19,874.373046875,224.4938201904297,887.6019897460938,0.13902706617140656,"[2.1516032218933105, 2.3676679134368896, 1.1934698820114136, 1.0454695224761963, 0.4915574789047241, 0.11524993181228638, 0.888588011264801]",,,,,
20,889.3803100585938,232.38150024414062,889.3803100585938,0.13624652484797842,"[2.1935644149780273, 2.4933042526245117, 0.7225536704063416, 0.16268019378185272, 0.19769097864627838, 0.44778120517730713, 0.8008978962898254]",0.23333333333333334,0.7666666666666667,0.7666666666666667,0.0,20.04210729966392
21,903.8942260742188,285.3498229980469,903.8942260742188,0.13352159435101885,"[2.0934181213378906, 2.4281387329101562, 0.4547373354434967, 0.09763205796480179, 0.29450738430023193, 0.27390509843826294, 0.7953073382377625]",,,,,
22,744.5167846679688,229.63027954101562,903.8942260742188,0.13085116246399847,"[2.0934181213378906, 2.4281387329101562, 0.4547373354434967, 0.09763205796480179, 0.29450738430023193, 0.27390509843826294, 0.7953073382377625]",,,,,
23,872.8206176757812,262.20941162109375,903.8942260742188,0.1282341392147185,"[2.0934181213378906, 2.4281387329101562, 0.4547373354434967, 0.09763205796480179, 0.29450738430023193, 0.27390509843826294, 0.7953073382377625]",,,,,
24,720.3082275390625,200.1353759765625,903.8942260742188,0.12566945643042413,"[2.0934181213378906, 2.4281387329101562, 0.4547373354434967, 0.09763205796480179, 0.29450738430023193, 0.27390509843826294, 0.7953073382377625]",,,,,
25,735.2152709960938,243.36026000976562,903.8942260742188,0.12315606730181564,"[2.0934181213378906, 2.4281387329101562, 0.4547373354434967, 0.09763205796480179, 0.29450738430023193, 0.27390509843826294, 0.7953073382377625]",0.3,0.7,0.7,0.0,34.10218826690053
26,883.6895751953125,223.4502716064453,903.8942260742188,0.12069294595577933,"[2.0934181213378906, 2.4281387329101562, 0.4547373354434967, 0.09763205796480179, 0.29450738430023193, 0.27390509843826294, 0.7953073382377625]",,,,,
27,728.2330322265625,224.142578125,903.8942260742188,0.11827908703666373,"[2.0934181213378906, 2.4281387329101562, 0.4547373354434967, 0.09763205796480179, 0.29450738430023193, 0.27390509843826294, 0.7953073382377625]",,,,,
28,738.6716918945312,174.38833618164062,903.8942260742188,0.11591350529593046,"[2.0934181213378906, 2.4281387329101562, 0.4547373354434967, 0.09763205796480179, 0.29450738430023193, 0.27390509843826294, 0.7953073382377625]",,,,,
29,517.7302856445312,183.4086151123047,903.8942260742188,0.11359523519001186,"[2.0934181213378906, 2.4281387329101562, 0.4547373354434967, 0.09763205796480179, 0.29450738430023193, 0.27390509843826294, 0.7953073382377625]",,,,,
30,900.4291381835938,200.92079162597656,903.8942260742188,0.11132333048621161,"[2.0934181213378906, 2.4281387329101562, 0.4547373354434967, 0.09763205796480179, 0.29450738430023193, 0.27390509843826294, 0.7953073382377625]",0.3,0.7,0.6333333333333333,0.06666666666666667,27.737227885162625
31,757.6931762695312,255.1245574951172,903.8942260742188,0.10909686387648737,"[2.0934181213378906, 2.4281387329101562, 0.4547373354434967, 0.09763205796480179, 0.29450738430023193, 0.27390509843826294, 0.7953073382377625]",,,,,
32,681.447998046875,239.08535766601562,903.8942260742188,0.10691492659895763,"[2.0934181213378906, 2.4281387329101562, 0.4547373354434967, 0.09763205796480179, 0.29450738430023193, 0.27390509843826294, 0.7953073382377625]",,,,,
33,915.0076293945312,260.13128662109375,915.0076293945312,0.10477662806697847,"[1.9729119539260864, 2.39193058013916, 0.3099151849746704, -0.2508028745651245, 0.24243469536304474, 0.21891747415065765, 1.0984047651290894]",,,,,
34,707.3594360351562,287.7034912109375,915.0076293945312,0.1026810955056389,"[1.9729119539260864, 2.39193058013916, 0.3099151849746704, -0.2508028745651245, 0.24243469536304474, 0.21891747415065765, 1.0984047651290894]",,,,,
35,915.864501953125,223.57125854492188,915.864501953125,0.10062747359552612,"[2.0100536346435547, 2.3900017738342285, 0.14883467555046082, -0.24853743612766266, 0.24088364839553833, 0.2563927173614502, 1.0609291791915894]",0.3,0.7,0.6666666666666666,0.03333333333333333,27.168648981901114
36,729.3309326171875,259.3819274902344,915.864501953125,0.0986149241236156,"[2.0100536346435547, 2.3900017738342285, 0.14883467555046082, -0.24853743612766266, 0.24088364839553833, 0.2563927173614502, 1.0609291791915894]",,,,,
37,699.441650390625,240.0963897705078,915.864501953125,0.09664262564114329,"[2.0100536346435547, 2.3900017738342285, 0.14883467555046082, -0.24853743612766266, 0.24088364839553833, 0.2563927173614502, 1.0609291791915894]",,,,,
38,717.8255004882812,241.4748992919922,915.864501953125,0.09470977312832042,"[2.0100536346435547, 2.3900017738342285, 0.14883467555046082, -0.24853743612766266, 0.24088364839553833, 0.2563927173614502, 1.0609291791915894]",,,,,
39,551.0958251953125,231.63003540039062,915.864501953125,0.092815577665754,"[2.0100536346435547, 2.3900017738342285, 0.14883467555046082, -0.24853743612766266, 0.24088364839553833, 0.2563927173614502, 1.0609291791915894]",,,,,
40,731.6355590820312,223.4176483154297,915.864501953125,0.09095926611243892,"[2.0100536346435547, 2.3900017738342285, 0.14883467555046082, -0.24853743612766266, 0.24088364839553833, 0.2563927173614502, 1.0609291791915894]",0.5333333333333333,0.4666666666666667,0.4666666666666667,0.0,72.49617001856944
41,707.9524536132812,231.51638793945312,915.864501953125,0.08914008079019013,"[2.0100536346435547, 2.3900017738342285, 0.14883467555046082, -0.24853743612766266, 0.24088364839553833, 0.2563927173614502, 1.0609291791915894]",,,,,
42,746.2994995117188,223.1950225830078,915.864501953125,0.08735727917438633,"[2.0100536346435547, 2.3900017738342285, 0.14883467555046082, -0.24853743612766266, 0.24088364839553833, 0.2563927173614502, 1.0609291791915894]",,,,,
43,873.5829467773438,263.58905029296875,915.864501953125,0.08561013359089861,"[2.0100536346435547, 2.3900017738342285, 0.14883467555046082, -0.24853743612766266, 0.24088364839553833, 0.2563927173614502, 1.0609291791915894]",,,,,
44,699.8252563476562,250.3847198486328,915.864501953125,0.08389793091908064,"[2.0100536346435547, 2.3900017738342285, 0.14883467555046082, -0.24853743612766266, 0.24088364839553833, 0.2563927173614502, 1.0609291791915894]",,,,,
45,708.2686767578125,246.6812744140625,915.864501953125,0.08221997230069902,"[2.0100536346435547, 2.3900017738342285, 0.14883467555046082, -0.24853743612766266, 0.24088364839553833, 0.2563927173614502, 1.0609291791915894]",0.4,0.6,0.6,0.0,48.11996474000834
46,699.0599975585938,279.51470947265625,915.864501953125,0.08057557285468504,"[2.0100536346435547, 2.3900017738342285, 0.14883467555046082, -0.24853743612766266, 0.24088364839553833, 0.2563927173614502, 1.0609291791915894]",,,,,
47,729.7858276367188,234.11282348632812,915.864501953125,0.07896406139759134,"[2.0100536346435547, 2.3900017738342285, 0.14883467555046082, -0.24853743612766266, 0.24088364839553833, 0.2563927173614502, 1.0609291791915894]",,,,,
48,907.2909545898438,304.03863525390625,915.864501953125,0.07738478016963951,"[2.0100536346435547, 2.3900017738342285, 0.14883467555046082, -0.24853743612766266, 0.24088364839553833, 0.2563927173614502, 1.0609291791915894]",,,,,
49,869.6445922851562,277.33221435546875,915.864501953125,0.07583708456624672,"[2.0100536346435547, 2.3900017738342285, 0.14883467555046082, -0.24853743612766266, 0.24088364839553833, 0.2563927173614502, 1.0609291791915894]",,,,,
50,696.7719116210938,277.78607177734375,915.864501953125,0.07432034287492179,"[2.0100536346435547, 2.3900017738342285, 0.14883467555046082, -0.24853743612766266, 0.24088364839553833, 0.2563927173614502, 1.0609291791915894]",0.43333333333333335,0.5666666666666667,0.4666666666666667,0.1,51.75100678514521
51,704.5618896484375,265.40142822265625,915.864501953125,0.07283393601742334,"[2.0100536346435547, 2.3900017738342285, 0.14883467555046082, -0.24853743612766266, 0.24088364839553833, 0.2563927173614502, 1.0609291791915894]",,,,,
52,884.7767333984375,227.3919677734375,915.864501953125,0.07137725729707488,"[2.0100536346435547, 2.3900017738342285, 0.14883467555046082, -0.24853743612766266, 0.24088364839553833, 0.2563927173614502, 1.0609291791915894]",,,,,
53,893.4326171875,248.15896606445312,915.864501953125,0.06994971215113338,"[2.0100536346435547, 2.3900017738342285, 0.14883467555046082, -0.24853743612766266, 0.24088364839553833, 0.2563927173614502, 1.0609291791915894]",,,,,
54,743.2293090820312,288.16436767578125,915.864501953125,0.06855071790811071,"[2.0100536346435547, 2.3900017738342285, 0.14883467555046082, -0.24853743612766266, 0.24088364839553833, 0.2563927173614502, 1.0609291791915894]",,,,,
55,869.324951171875,242.7454071044922,915.864501953125,0.0671797035499485,"[2.0100536346435547, 2.3900017738342285, 0.14883467555046082, -0.24853743612766266, 0.24088364839553833, 0.2563927173614502, 1.0609291791915894]",0.23333333333333334,0.7666666666666667,0.7666666666666667,0.0,20.024094404963257
56,719.2932739257812,261.08343505859375,915.864501953125,0.06583610947894952,"[2.0100536346435547, 2.3900017738342285, 0.14883467555046082, -0.24853743612766266, 0.24088364839553833, 0.2563927173614502, 1.0609291791915894]",,,,,
57,880.0638427734375,287.54583740234375,915.864501953125,0.06451938728937053,"[2.0100536346435547, 2.3900017738342285, 0.14883467555046082, -0.24853743612766266, 0.24088364839553833, 0.2563927173614502, 1.0609291791915894]",,,,,
58,727.8327026367188,304.3634338378906,915.864501953125,0.06322899954358312,"[2.0100536346435547, 2.3900017738342285, 0.14883467555046082, -0.24853743612766266, 0.24088364839553833, 0.2563927173614502, 1.0609291791915894]",,,,,
59,904.299072265625,255.0980224609375,915.864501953125,0.06196441955271145,"[2.0100536346435547, 2.3900017738342285, 0.14883467555046082, -0.24853743612766266, 0.24088364839553833, 0.2563927173614502, 1.0609291791915894]",,,,,
60,744.3616943359375,286.2221374511719,915.864501953125,0.060725131161657224,"[2.0100536346435547, 2.3900017738342285, 0.14883467555046082, -0.24853743612766266, 0.24088364839553833, 0.2563927173614502, 1.0609291791915894]",0.43333333333333335,0.5666666666666667,0.5,0.06666666666666667,55.054799607085535
